student_id,sleep_hours,study_hours,social_media_hours,exercise_minutes,class_attendance_percent,assignment_deadlines_missed,stress_level,focus_level,mental_health_score
1,6.2,5.4,3.9,36,67,2,4,10,52
2,9.7,6.4,1.0,78,62,0,8,8,96
3,8.4,2.0,5.2,75,79,4,2,7,99
4,7.6,5.0,3.7,60,88,1,7,8,96
5,4.9,4.6,0.9,78,84,0,3,1,34
6,4.9,6.7,5.8,33,46,4,3,9,69
7,4.3,7.2,3.1,69,80,1,7,10,92
8,9.2,0.1,0.4,16,51,5,3,9,92
9,7.6,5.4,3.8,19,100,0,5,9,8
10,8.2,0.4,1.5,72,53,4,8,6,27
11,4.1,4.4,4.8,58,85,3,4,4,80
12,9.8,2.3,4.9,68,54,5,7,2,63
13,9.0,2.5,5.9,86,42,1,7,4,82
14,5.3,2.8,3.0,32,54,3,2,7,25
15,5.1,5.0,2.7,77,90,2,8,1,58
16,5.1,2.7,4.5,16,63,5,10,9,48
17,5.8,5.9,0.8,56,91,5,10,3,1
18,7.1,3.2,3.3,82,85,4,9,4,8
19,6.6,0.5,3.3,0,47,4,6,5,21
20,5.7,6.3,0.5,12,44,1,5,3,98
21,7.7,2.3,2.5,26,90,5,1,4,88
22,4.8,3.5,5.1,69,43,4,1,5,90
23,5.8,5.5,5.1,58,53,2,9,1,78
24,6.2,2.7,0.6,5,55,4,4,9,29
25,6.7,0.5,0.5,22,59,5,1,10,30
26,8.7,3.0,1.6,9,63,0,10,10,3
27,5.2,7.6,5.2,50,45,3,3,4,7
28,7.1,5.1,0.8,18,94,5,6,9,100
29,7.6,5.4,4.3,50,96,2,8,4,11
30,4.3,5.1,0.6,86,70,5,10,1,32
31,7.6,1.6,3.7,67,45,2,2,5,59
32,5.0,3.3,2.1,83,74,5,8,9,12
33,4.4,6.0,4.7,82,54,3,1,3,79
34,9.7,0.8,1.4,41,68,3,2,5,38
35,9.8,2.2,3.8,90,42,2,8,3,24
36,8.9,2.2,1.4,56,50,5,7,3,65
37,5.8,3.5,4.3,67,42,3,5,1,18
38,4.6,7.8,5.2,37,67,1,10,2,46
39,8.1,0.5,0.8,61,49,5,2,2,56
40,6.6,4.1,5.2,6,89,3,9,9,63
41,4.7,1.4,3.6,70,72,0,5,7,7
42,7.0,7.8,0.8,49,87,0,8,8,66
43,4.2,0.9,2.6,51,55,1,4,2,40
44,9.5,3.2,1.0,25,98,3,9,9,54
45,5.6,5.9,4.2,25,49,0,10,3,31
46,8.0,5.6,4.6,18,72,5,7,10,97
47,5.9,3.4,0.6,8,75,4,2,2,52
48,7.1,2.8,3.0,60,42,3,3,1,94
49,7.3,3.2,4.9,19,44,1,2,9,31
50,5.1,2.1,5.6,49,51,3,5,8,34
51,9.8,1.6,3.1,79,96,2,2,4,7
52,8.7,3.9,5.7,80,83,2,5,7,89
53,9.6,2.1,3.2,21,52,0,9,3,16
54,9.4,2.3,2.4,12,63,2,2,3,22
55,7.6,5.3,5.1,11,83,1,9,4,100
56,9.5,7.7,3.0,9,96,0,7,2,53
57,4.5,4.8,2.8,64,71,1,7,10,91
58,5.2,0.6,2.9,29,55,5,5,4,17
59,4.3,0.6,5.1,7,71,1,8,10,4
60,6.0,7.6,5.0,20,84,2,7,3,61
61,6.3,2.4,2.4,21,76,5,6,8,99
62,5.6,0.7,2.0,17,95,2,2,2,86
63,9.0,4.8,3.0,65,75,1,6,9,52
64,6.1,5.0,3.4,47,60,2,2,3,35
65,5.7,5.2,1.4,43,86,2,1,4,44
66,7.3,2.1,4.8,8,51,2,9,10,15
67,4.8,0.1,2.9,66,90,3,5,10,61
68,8.8,7.7,2.0,53,60,5,10,3,44
69,4.4,2.0,0.6,25,99,5,10,3,21
70,9.9,5.4,1.4,84,90,5,4,8,77
71,8.6,5.7,5.7,25,60,1,8,8,47
72,5.2,4.9,1.8,33,82,4,5,6,75
73,4.0,2.5,1.0,7,92,1,7,4,49
74,8.9,2.2,2.8,9,45,5,3,1,53
75,8.2,4.8,1.8,47,48,0,8,4,27
76,8.4,6.9,0.2,54,40,2,8,8,31
77,8.6,7.6,1.9,53,51,2,3,6,44
78,4.4,0.8,3.3,77,97,4,9,2,32
79,6.2,1.2,3.3,39,53,0,8,3,30
80,4.7,7.6,2.1,14,45,3,1,7,18
81,9.2,5.9,2.7,80,40,1,8,4,63
82,7.7,7.1,5.8,17,61,3,4,4,16
83,6.0,1.6,2.3,22,73,0,6,5,35
84,4.4,4.7,1.5,61,95,4,10,8,62
85,5.9,5.6,1.5,45,50,0,9,7,9
86,6.0,5.4,2.7,86,42,4,5,9,62
87,8.4,3.3,4.6,38,81,3,7,5,39
88,7.8,0.1,1.2,14,45,3,1,1,51
89,9.3,4.7,4.3,52,45,0,9,4,10
90,6.8,2.0,0.1,87,59,0,6,6,52
91,4.7,3.6,2.5,63,60,2,4,6,12
92,8.3,7.7,4.7,62,41,4,6,9,72
93,8.6,3.2,2.0,79,65,2,5,10,62
94,7.4,6.7,3.4,15,70,1,3,5,3
95,8.6,1.5,1.2,69,65,1,7,5,83
96,7.0,5.4,4.5,65,95,0,3,6,11
97,7.1,7.8,0.3,12,71,3,2,6,8
98,6.6,0.8,5.1,46,49,1,4,3,90
99,4.2,0.1,1.2,8,62,1,7,6,23
100,4.6,3.5,5.2,62,97,2,5,8,10
101,4.2,0.7,2.1,33,45,2,9,6,18
102,7.8,6.0,4.3,80,62,1,10,5,76
103,5.9,7.3,1.9,90,67,0,7,3,39
104,7.1,3.5,5.4,28,88,2,9,1,26
105,9.4,2.1,0.8,36,69,1,9,5,11
106,5.5,3.5,1.1,42,53,3,2,6,10
107,6.5,5.8,3.0,85,76,2,1,6,3
108,8.5,0.1,0.5,63,94,1,4,6,62
109,5.4,4.7,1.2,23,71,4,4,3,71
110,4.5,4.9,5.7,70,88,2,2,4,61
111,5.7,5.1,5.9,33,73,4,3,3,4
112,5.0,1.9,2.3,47,80,2,3,2,61
113,9.6,5.7,5.5,11,83,2,5,8,8
114,8.8,0.7,3.3,22,90,5,1,7,13
115,7.8,1.6,1.6,78,61,5,9,8,12
116,9.2,7.0,4.2,12,70,4,8,6,35
117,8.8,5.9,4.0,86,46,0,8,7,54
118,5.1,0.1,5.9,44,80,1,3,1,51
119,9.4,2.0,1.6,64,60,0,2,10,43
120,7.2,1.7,4.0,46,55,0,1,5,100
121,8.8,2.2,0.3,57,59,5,6,4,66
122,9.4,2.0,0.7,4,82,1,10,10,15
123,5.9,0.5,0.0,76,83,5,1,3,49
124,4.7,3.7,6.0,4,86,5,5,2,34
125,5.4,5.9,4.8,59,89,5,9,9,39
126,6.6,4.9,4.7,20,58,3,9,8,26
127,8.9,5.4,3.1,23,87,0,4,10,69
128,9.2,0.6,1.8,17,71,0,7,2,48
129,4.0,7.6,0.9,20,54,0,7,6,89
130,7.1,6.7,1.7,53,44,3,4,3,51
131,6.5,6.4,2.3,9,50,2,5,3,98
132,5.3,6.6,4.5,23,54,4,9,5,4
133,4.7,7.5,3.2,84,68,4,7,7,98
134,6.0,4.4,0.5,88,89,3,7,7,27
135,9.7,1.6,0.1,59,84,0,10,10,42
136,5.9,4.9,0.6,56,43,4,7,1,56
137,7.1,5.9,2.5,22,88,3,9,7,93
138,8.2,5.9,5.6,21,75,5,5,7,69
139,6.2,4.2,3.8,67,87,1,6,6,18
140,9.8,0.5,4.8,33,62,4,3,6,61
141,9.8,3.0,2.8,69,54,1,1,2,4
142,5.5,7.4,2.2,27,85,0,2,3,1
143,7.0,4.7,0.7,38,83,4,8,3,50
144,5.8,4.3,5.3,41,42,3,1,3,84
145,5.7,2.2,4.7,22,71,2,10,2,70
146,4.2,2.9,1.0,69,49,4,7,9,20
147,7.7,7.2,3.1,79,79,4,5,6,20
148,7.0,5.3,2.9,1,77,4,6,2,46
149,4.3,6.3,3.8,23,61,4,8,3,27
150,5.7,3.6,5.7,16,53,3,4,10,26
151,9.4,5.0,3.5,64,56,3,6,6,32
152,5.4,2.0,3.2,69,60,2,3,4,10
153,4.9,5.6,0.3,68,90,3,7,7,82
154,6.9,3.4,0.4,59,87,3,2,6,12
155,9.9,3.5,1.1,49,54,0,8,6,74
156,5.5,5.2,0.2,11,97,0,7,3,88
157,8.0,7.5,4.5,46,54,1,8,8,24
158,8.6,0.5,4.3,66,40,2,2,9,51
159,5.4,6.6,0.8,64,63,0,3,6,38
160,8.4,2.3,5.0,26,94,2,4,2,46
161,6.2,3.6,0.9,47,94,2,9,1,89
162,7.8,0.2,1.8,87,51,4,5,3,8
163,7.8,2.4,1.5,61,49,5,6,3,55
164,7.2,4.0,2.2,43,85,5,1,8,78
165,4.5,0.4,1.5,18,81,5,4,5,31
166,9.0,3.9,2.9,58,81,2,4,1,88
167,5.9,7.4,2.4,7,91,4,10,4,16
168,5.1,0.8,5.9,54,100,1,8,7,20
169,4.2,6.1,0.3,46,70,1,8,5,38
170,7.5,3.3,0.9,1,50,5,10,10,15
171,8.1,5.2,0.3,38,93,1,6,6,78
172,4.1,2.1,3.8,44,55,4,8,10,76
173,7.1,1.3,0.3,31,100,5,9,4,34
174,5.4,1.3,5.0,64,48,4,5,2,72
175,7.9,0.6,3.1,37,86,1,1,9,19
176,5.0,1.5,3.2,76,53,5,1,2,69
177,8.1,5.3,3.4,10,58,4,2,2,91
178,6.3,7.1,1.0,9,70,3,2,2,63
179,9.6,6.5,1.2,58,48,3,5,1,77
180,4.8,5.5,1.9,89,75,4,7,3,32
181,6.0,0.9,3.6,54,92,4,7,6,95
182,4.7,2.3,1.3,19,78,0,4,7,37
183,9.5,2.5,0.7,80,93,0,4,1,66
184,9.3,2.0,5.8,16,65,2,10,5,7
185,5.5,4.1,0.1,67,47,5,3,5,48
186,8.0,4.3,4.8,4,63,2,2,1,11
187,8.9,2.9,4.7,59,47,2,3,4,75
188,7.3,2.8,1.8,22,58,1,8,10,87
189,7.2,6.6,0.8,45,86,3,1,1,31
190,5.5,6.3,0.9,51,87,1,4,1,44
191,4.6,2.5,4.2,9,69,5,7,7,45
192,9.4,7.3,3.9,45,97,4,5,7,72
193,9.4,7.6,4.7,27,61,0,2,3,56
194,7.8,2.6,5.6,42,94,5,1,7,32
195,6.0,2.8,4.2,25,48,4,6,3,21
196,6.1,4.0,0.9,54,97,5,5,2,31
197,8.4,7.5,1.5,47,97,4,3,10,1
198,9.4,7.0,5.1,28,83,0,9,4,77
199,9.3,0.8,1.3,26,87,4,3,10,11
200,8.7,3.1,0.4,17,43,2,2,3,93
201,7.9,4.4,4.2,59,76,5,5,7,68
202,4.5,4.0,2.4,73,47,0,9,1,36
203,5.0,1.6,5.5,68,40,4,8,6,79
204,9.4,6.9,3.9,73,67,2,6,2,59
205,7.6,5.4,0.5,20,45,2,3,8,67
206,4.1,6.7,5.7,23,86,3,6,5,56
207,4.6,6.9,1.6,2,75,2,5,3,51
208,8.0,6.0,2.0,61,92,1,1,10,29
209,4.0,3.5,2.4,1,50,0,5,7,85
210,5.0,4.9,0.3,65,44,0,7,2,2
211,7.3,1.3,3.0,41,89,0,9,5,6
212,8.2,5.4,0.7,33,63,4,1,8,31
213,7.9,1.4,2.4,41,86,5,3,1,54
214,5.3,5.6,2.1,19,57,4,8,1,88
215,8.3,1.8,4.6,67,59,1,6,3,40
216,5.4,0.9,4.8,44,67,5,5,3,17
217,6.0,1.3,0.9,74,52,2,10,7,5
218,8.5,0.0,2.2,41,44,4,2,6,2
219,7.9,5.7,2.2,46,69,5,3,7,58
220,9.1,5.9,0.9,4,40,2,2,4,12
221,7.9,4.1,4.8,88,61,5,1,2,5
222,7.4,1.3,4.2,48,57,2,7,2,60
223,4.6,0.7,1.1,36,85,5,3,10,41
224,6.2,0.2,2.2,33,44,4,7,1,20
225,5.6,1.3,0.6,72,70,4,7,9,72
226,5.5,7.1,3.8,69,45,1,8,7,1
227,9.8,1.9,0.7,17,66,3,1,10,56
228,6.4,2.8,5.9,77,95,0,5,3,70
229,9.4,0.8,4.7,18,64,4,10,2,56
230,7.8,1.8,2.3,77,68,4,9,3,54
231,8.8,4.2,3.5,39,67,2,7,7,11
232,7.0,4.9,5.5,16,55,3,1,5,3
233,7.5,2.0,3.3,59,93,4,8,3,95
234,7.0,0.5,1.0,41,92,5,3,9,28
235,5.2,3.1,2.3,80,51,3,4,2,5
236,8.3,1.9,5.1,71,59,0,4,7,90
237,5.7,1.8,3.9,64,57,5,10,10,16
238,4.1,7.7,3.9,52,73,2,8,6,31
239,7.9,4.9,5.2,6,94,1,1,6,28
240,5.1,4.5,5.4,4,92,5,8,7,7
241,9.6,3.3,5.5,23,62,0,9,6,9
242,9.7,3.4,0.6,27,84,5,9,2,39
243,9.5,4.3,3.3,61,66,3,5,5,99
244,6.2,5.6,4.4,16,88,3,4,3,43
245,4.1,5.6,4.5,19,56,0,4,9,27
246,9.6,1.4,3.6,2,87,3,9,8,76
247,6.6,4.0,1.0,36,60,5,8,10,89
248,9.8,3.3,4.8,89,89,1,10,2,93
249,9.8,7.0,4.3,14,79,5,10,1,95
250,9.1,5.1,0.5,50,70,1,7,4,98
251,5.8,4.3,2.8,47,42,3,3,4,33
252,6.3,0.9,1.0,7,56,5,4,10,91
253,9.1,4.8,2.0,12,100,3,9,2,56
254,5.9,0.9,0.1,47,89,1,8,7,2
255,5.0,2.7,2.4,2,97,3,1,3,14
256,7.3,1.1,3.3,64,65,4,3,7,13
257,9.6,5.5,3.7,72,62,2,10,7,24
258,8.2,1.7,4.0,30,45,5,2,1,69
259,7.4,3.1,5.0,25,67,4,2,6,34
260,4.6,7.2,1.3,80,47,3,8,4,87
261,7.7,1.6,0.7,55,94,3,6,8,19
262,9.9,4.1,5.1,33,97,2,6,8,30
263,4.8,3.4,0.9,8,84,3,4,3,49
264,7.1,0.1,5.8,61,47,2,1,4,43
265,9.3,6.3,5.1,12,58,5,7,1,16
266,8.4,0.6,3.0,68,77,1,8,10,52
267,8.2,3.8,5.9,40,68,2,2,2,98
268,8.2,4.5,0.6,76,62,2,2,7,49
269,6.2,5.0,1.8,0,86,4,1,7,11
270,5.8,5.5,3.8,88,71,3,4,9,78
271,8.9,2.0,2.1,46,49,5,6,10,47
272,8.9,0.1,5.6,3,66,1,5,9,79
273,9.2,5.8,0.4,62,88,0,4,9,35
274,9.5,4.3,3.3,51,40,2,4,6,71
275,7.1,6.7,3.5,9,78,0,10,8,29
276,7.0,6.6,3.9,27,68,3,7,9,54
277,8.8,6.7,1.5,5,98,2,7,7,86
278,7.9,3.9,2.2,26,84,0,2,4,23
279,8.2,2.7,5.1,11,42,4,7,4,24
280,8.8,6.3,1.2,61,90,0,2,6,99
281,9.3,3.6,5.0,51,86,4,4,4,10
282,6.0,1.5,3.4,47,76,1,1,7,61
283,6.3,6.8,4.6,66,70,3,5,8,8
284,4.6,7.1,4.3,45,50,5,1,8,48
285,7.5,3.7,1.2,73,61,0,4,8,76
286,4.2,0.6,3.4,14,57,2,9,2,93
287,6.8,3.1,5.2,70,74,3,8,10,29
288,7.3,6.4,2.6,35,45,0,6,2,87
289,5.7,7.2,5.8,13,42,2,8,2,26
290,7.5,1.6,2.7,77,44,2,5,2,37
291,4.2,0.5,0.9,2,48,5,7,4,96
292,4.2,7.0,2.3,66,67,5,8,5,52
293,8.9,3.1,5.7,85,58,2,7,4,38
294,6.2,4.3,1.9,18,67,5,4,5,6
295,4.8,7.7,5.2,75,66,2,5,4,8
296,7.1,0.5,5.3,53,52,0,10,7,17
297,8.6,5.2,2.1,68,100,1,6,10,76
298,5.3,0.6,0.5,9,77,5,6,1,62
299,7.7,3.0,4.3,32,82,4,9,1,86
300,4.5,6.4,1.9,12,92,4,10,2,78
301,4.3,3.5,4.7,50,60,4,2,1,34
302,7.2,8.0,2.7,31,66,1,6,10,19
303,7.2,4.5,2.9,74,85,2,3,10,70
304,7.8,2.6,4.7,23,45,2,2,3,82
305,8.4,1.8,2.3,34,77,3,6,6,100
306,9.9,2.8,2.7,82,88,4,4,10,37
307,7.1,3.0,2.3,69,50,4,5,6,38
308,5.9,0.5,2.2,39,86,2,5,1,15
309,8.8,3.0,3.2,53,80,4,3,6,40
310,5.6,3.7,4.9,43,92,2,4,5,9
311,6.6,5.8,2.2,61,56,2,3,7,53
312,4.5,5.3,3.1,67,95,5,7,6,70
313,4.2,5.7,4.0,32,78,2,1,7,66
314,9.8,0.1,1.6,76,46,0,6,2,80
315,9.0,1.7,1.7,55,69,0,4,1,52
316,8.2,5.3,5.6,35,60,0,1,7,1
317,6.5,3.9,4.3,53,40,0,1,9,30
318,5.0,0.0,3.5,18,64,1,5,2,97
319,4.9,6.4,3.9,42,71,3,5,7,1
320,5.5,6.2,0.2,11,98,3,10,3,39
321,7.3,4.4,3.7,10,96,2,7,6,16
322,8.3,0.5,3.1,69,47,4,4,3,17
323,8.0,6.1,3.3,11,44,0,9,10,82
324,5.7,4.7,2.2,90,69,3,4,5,22
325,9.7,6.3,0.5,40,90,3,7,2,86
326,8.4,6.0,1.2,24,47,0,5,8,99
327,7.3,6.4,5.7,2,88,1,5,8,31
328,7.7,4.1,2.5,2,58,1,6,7,40
329,6.5,1.1,2.8,83,83,3,8,6,27
330,5.5,5.4,0.3,27,98,1,5,1,36
331,6.1,5.0,0.2,22,94,5,3,8,4
332,8.5,5.9,4.3,47,69,0,6,1,69
333,4.1,1.4,3.2,66,54,3,2,8,25
334,4.7,1.6,3.1,41,75,0,8,2,95
335,4.3,7.1,1.5,87,94,1,8,8,78
336,4.2,6.0,4.5,39,83,0,3,10,30
337,9.1,7.3,1.0,5,66,1,8,4,47
338,8.2,6.1,1.1,19,52,1,9,7,12
339,6.8,4.8,2.8,10,53,0,5,5,27
340,4.6,5.2,1.7,26,76,1,5,8,45
341,6.9,7.1,1.5,20,93,5,6,6,88
342,6.8,4.6,3.9,12,87,2,7,5,63
343,5.0,5.1,3.9,85,69,0,3,1,55
344,6.6,1.3,4.9,34,78,2,5,3,30
345,6.4,3.8,2.5,46,86,0,1,10,82
346,7.7,5.7,0.4,85,52,1,10,9,14
347,7.8,2.2,1.6,27,97,1,5,9,56
348,4.3,1.6,5.9,20,55,3,4,5,19
349,6.2,2.5,3.6,17,83,5,1,3,86
350,7.8,1.9,4.3,30,46,3,7,6,26
351,7.0,1.7,0.0,59,87,2,1,5,71
352,9.1,3.4,3.1,36,94,1,8,1,92
353,8.0,7.3,0.2,20,94,3,10,2,38
354,5.0,4.1,3.4,13,66,1,2,5,69
355,4.4,1.5,5.5,88,84,0,10,9,36
356,7.9,0.6,5.8,90,100,3,5,4,18
357,4.2,5.6,3.2,59,94,2,6,9,57
358,7.5,3.1,2.7,22,74,3,9,3,78
359,9.6,6.6,5.7,28,54,1,7,1,23
360,7.5,5.3,4.0,46,67,4,6,6,14
361,6.3,6.4,0.4,29,74,4,5,10,96
362,7.9,2.2,2.8,89,46,5,6,7,69
363,6.7,5.5,1.4,83,89,1,4,4,22
364,7.3,2.1,2.8,37,85,0,1,10,28
365,9.6,7.5,2.7,82,89,3,9,5,43
366,6.3,5.1,3.5,26,90,4,5,4,76
367,9.8,2.6,2.1,88,85,0,8,3,18
368,9.4,2.2,1.0,86,59,1,7,1,100
369,5.2,1.5,3.0,14,71,0,8,6,95
370,4.4,5.6,5.0,58,77,1,1,10,77
371,4.6,1.7,4.0,2,100,5,9,5,84
372,4.1,4.8,2.0,9,79,3,1,1,36
373,4.6,2.1,5.6,78,71,0,3,5,7
374,8.1,5.3,5.5,79,65,3,8,6,23
375,4.4,6.5,1.3,16,97,0,1,10,34
376,5.9,6.2,0.2,82,78,1,1,5,96
377,9.1,6.1,4.4,10,59,1,6,1,21
378,4.1,1.5,5.0,47,57,0,5,5,70
379,8.9,0.7,5.8,4,89,5,6,10,80
380,5.7,5.6,5.3,68,54,1,3,1,99
381,4.7,2.9,3.6,63,91,2,10,3,47
382,8.2,3.5,3.2,13,61,2,10,2,53
383,7.8,0.2,0.2,49,90,3,6,1,84
384,9.3,2.1,1.5,25,61,2,2,4,41
385,8.4,0.3,2.8,71,92,2,8,2,75
386,8.8,7.0,3.8,68,60,5,6,5,32
387,5.7,1.9,3.3,6,41,5,4,10,14
388,5.1,4.5,4.5,15,79,4,4,1,88
389,8.5,0.3,1.7,54,92,4,7,10,95
390,8.8,5.3,3.4,77,82,5,3,1,17
391,9.9,2.6,0.5,55,57,4,3,10,25
392,6.5,7.2,2.5,3,62,5,6,4,64
393,6.2,7.1,4.5,47,52,4,9,7,73
394,8.7,2.6,4.2,16,80,1,1,2,86
395,6.0,7.2,5.9,35,48,5,5,2,48
396,9.6,8.0,1.7,69,88,3,1,1,35
397,9.2,6.6,3.0,79,46,3,1,5,37
398,6.6,6.8,2.0,37,80,5,3,6,55
399,8.5,2.0,2.6,61,93,2,3,6,17
400,8.5,4.6,5.1,47,40,3,4,2,28
401,4.6,0.5,4.1,9,41,2,3,7,1
402,9.4,0.8,5.3,35,43,3,6,6,53
403,7.0,8.0,1.2,28,53,0,4,8,73
404,9.0,2.6,5.2,77,71,0,8,6,55
405,5.9,6.0,0.4,3,75,5,1,9,61
406,9.4,6.5,5.3,43,41,3,8,10,13
407,6.3,6.9,2.0,55,79,1,1,2,47
408,4.1,8.0,1.9,41,89,2,1,7,64
409,9.4,1.9,3.1,12,90,3,7,5,32
410,4.5,0.3,5.6,45,53,5,1,1,28
411,5.9,3.3,0.3,81,59,2,9,3,53
412,9.7,1.0,2.1,32,64,4,8,4,31
413,9.7,0.2,5.1,20,81,5,1,2,8
414,7.4,2.9,2.4,79,88,3,2,7,72
415,7.8,6.3,1.2,78,47,1,2,1,98
416,6.7,4.5,2.5,56,67,4,2,3,87
417,5.8,2.5,2.3,68,85,5,6,9,74
418,6.0,5.2,5.5,69,60,3,4,2,25
419,8.0,1.9,4.6,66,62,0,8,5,33
420,8.5,0.1,3.0,47,71,3,1,4,68
421,8.7,6.1,5.9,75,47,0,10,3,7
422,8.7,5.0,2.8,32,70,0,4,5,97
423,4.5,6.1,0.3,35,76,5,10,6,66
424,7.0,0.3,1.6,32,55,3,5,1,46
425,4.3,6.7,2.6,30,79,3,9,2,96
426,7.3,5.0,0.9,20,81,0,5,1,5
427,6.6,4.5,5.7,26,66,2,3,3,17
428,9.3,5.0,4.6,90,79,4,4,8,76
429,6.1,6.9,1.6,71,80,1,10,8,52
430,4.7,4.7,3.5,61,57,3,7,4,12
431,4.9,4.6,4.3,25,74,4,1,6,62
432,8.6,7.9,5.6,65,88,4,6,9,35
433,7.7,6.1,5.3,11,91,2,8,7,62
434,4.6,3.5,3.1,21,54,4,1,2,21
435,4.5,5.7,4.6,16,92,3,8,2,85
436,8.2,3.1,3.4,6,66,5,7,3,66
437,4.4,1.8,3.3,67,56,5,1,8,53
438,8.9,4.8,0.7,36,79,4,9,10,21
439,8.2,7.4,0.8,37,41,3,3,9,15
440,4.5,7.4,3.2,10,88,3,2,3,75
441,4.5,2.7,1.6,0,89,0,7,9,74
442,9.9,4.2,0.1,24,70,2,3,10,82
443,6.2,1.7,4.3,41,100,1,1,8,23
444,6.2,8.0,0.2,51,76,0,10,5,31
445,8.9,7.8,3.6,23,80,1,3,10,54
446,9.7,5.2,3.2,52,80,3,6,3,55
447,9.9,6.4,5.8,55,73,5,3,7,26
448,8.5,5.7,2.9,62,73,0,5,9,53
449,6.3,4.7,0.4,80,90,4,9,6,66
450,4.5,0.4,3.3,7,94,4,7,3,39
451,8.7,3.6,5.0,58,98,1,2,5,7
452,7.4,5.4,6.0,44,42,3,1,7,88
453,6.5,5.4,2.6,26,56,5,7,8,39
454,9.4,3.0,1.9,51,53,1,4,4,32
455,4.7,7.5,5.4,17,53,5,7,2,26
456,7.0,1.3,1.1,90,85,2,6,10,87
457,4.1,4.0,3.7,85,77,5,7,2,78
458,6.8,5.5,2.4,15,74,4,4,3,29
459,4.3,5.6,0.2,65,40,0,3,8,25
460,4.7,5.2,2.1,4,87,0,5,1,56
461,4.7,2.2,1.6,81,68,0,3,7,31
462,7.9,1.2,4.1,2,43,5,3,6,66
463,8.5,5.1,5.7,90,100,4,4,2,2
464,7.5,4.8,1.6,80,72,5,8,9,87
465,9.8,1.4,4.9,79,56,3,2,5,47
466,6.2,5.6,0.3,69,67,4,4,2,75
467,5.7,3.6,3.2,6,89,4,3,3,29
468,9.2,5.3,0.4,49,65,5,7,7,99
469,5.3,6.7,5.6,13,47,5,2,7,49
470,9.8,1.4,4.6,37,73,0,1,10,73
471,4.1,0.2,3.9,78,98,4,10,1,32
472,9.8,6.2,4.9,46,57,0,1,10,30
473,4.3,4.9,3.9,32,70,3,6,4,15
474,9.3,5.6,5.8,42,98,2,3,6,62
475,7.2,6.7,4.3,90,66,0,7,8,78
476,10.0,6.4,5.5,28,55,5,8,3,17
477,4.4,7.7,3.1,56,97,1,5,3,22
478,7.3,4.3,0.7,4,49,2,5,8,30
479,9.8,3.9,3.2,59,79,3,2,8,81
480,7.1,3.2,0.8,69,51,5,8,8,16
481,7.8,1.2,3.6,1,61,2,10,1,52
482,8.2,4.6,2.9,69,55,5,1,8,8
483,6.7,2.2,3.7,42,51,0,10,8,64
484,7.8,7.4,0.1,3,50,5,9,2,39
485,7.5,4.7,1.2,55,59,3,1,9,31
486,9.4,4.7,2.9,58,90,1,1,7,12
487,4.3,2.8,5.7,88,40,0,1,8,33
488,5.7,0.4,2.3,8,66,0,7,2,58
489,9.7,0.3,2.5,2,42,3,4,4,12
490,9.3,3.4,4.3,89,51,3,7,7,25
491,6.7,0.7,3.6,47,69,2,5,6,38
492,7.7,4.9,1.8,42,48,1,7,7,48
493,5.7,7.0,2.5,90,92,5,10,1,82
494,5.1,7.1,1.3,0,100,2,7,8,83
495,6.8,5.3,5.8,56,93,5,4,7,55
496,6.1,1.7,0.8,52,76,5,2,4,3
497,7.5,6.9,2.2,15,40,5,8,1,99
498,4.5,7.1,0.2,50,81,2,2,8,69
499,9.8,1.6,1.3,74,88,0,9,10,35
500,9.9,5.9,4.7,89,43,3,5,7,51
501,8.2,2.3,1.2,54,54,0,9,8,27
502,7.2,6.4,0.5,0,90,1,9,10,37
503,5.9,8.0,2.8,89,66,2,8,1,85
504,8.9,0.2,0.1,27,47,1,8,5,16
505,8.1,7.2,0.5,52,99,3,4,9,92
506,5.0,5.0,4.8,57,99,3,4,5,25
507,9.5,7.8,4.6,72,62,4,2,10,33
508,8.9,3.7,5.5,59,54,1,4,3,62
509,9.7,6.8,5.1,58,66,0,4,9,17
510,8.4,0.5,4.1,21,70,1,6,9,43
511,7.7,2.7,0.3,7,78,2,3,4,30
512,6.5,0.5,4.7,48,86,3,2,4,41
513,9.6,7.8,5.1,41,47,3,8,8,4
514,9.2,6.5,4.8,26,69,1,2,7,66
515,4.3,6.8,3.1,38,97,1,8,5,60
516,4.2,7.5,1.4,82,94,5,7,6,9
517,6.3,0.7,5.1,24,81,1,3,3,31
518,8.9,3.1,4.4,37,57,5,6,6,89
519,9.9,0.6,5.9,84,43,2,6,8,100
520,4.9,1.7,0.9,23,86,2,10,10,69
521,7.6,1.8,1.4,23,82,0,5,9,24
522,6.3,3.8,1.3,59,61,1,8,3,24
523,9.8,2.1,4.8,82,42,0,5,8,93
524,9.1,0.8,1.1,49,54,4,7,3,45
525,9.0,1.3,0.4,65,74,2,6,2,95
526,6.8,1.2,6.0,13,86,3,7,5,37
527,6.5,7.8,0.1,52,77,5,9,4,58
528,5.6,6.1,5.0,31,72,4,3,5,83
529,4.3,7.7,2.2,47,53,3,10,6,23
530,9.2,3.5,5.0,38,87,4,7,3,35
531,8.9,2.2,3.3,39,40,0,10,1,63
532,10.0,6.4,5.4,41,92,0,3,4,6
533,10.0,2.6,5.6,76,88,5,2,6,6
534,7.3,2.4,0.1,75,65,2,7,2,30
535,8.6,1.9,0.5,7,47,5,4,2,1
536,9.7,1.0,1.5,78,89,3,1,1,63
537,9.1,2.1,4.0,25,55,4,6,9,8
538,5.5,2.8,5.3,11,77,5,6,3,28
539,6.7,5.4,2.8,42,49,1,6,2,89
540,4.8,0.5,3.6,50,81,1,2,4,33
541,9.7,1.7,1.1,90,76,2,1,6,53
542,7.6,6.5,4.8,81,65,5,3,1,38
543,5.4,1.2,5.8,62,67,3,2,9,52
544,8.0,2.7,1.6,48,51,1,6,9,78
545,7.7,6.9,3.0,26,59,2,6,8,11
546,6.1,1.2,0.5,8,88,5,5,6,2
547,4.7,0.7,3.4,38,53,2,10,4,53
548,8.0,3.9,3.0,64,85,3,10,2,94
549,7.1,2.4,0.9,70,74,1,5,8,94
550,8.6,4.5,2.7,89,68,1,9,7,68
551,7.1,6.4,2.0,70,51,1,5,4,77
552,9.1,1.1,3.1,6,91,0,10,3,7
553,7.3,4.6,3.5,71,57,1,6,6,67
554,7.4,4.0,0.1,79,83,4,4,1,9
555,9.3,1.2,4.6,66,41,0,10,2,78
556,6.4,5.0,4.3,9,41,5,1,7,63
557,4.8,2.2,2.2,70,98,0,4,3,11
558,4.2,3.9,0.3,84,56,0,2,1,37
559,8.5,0.7,4.5,52,49,0,10,2,14
560,7.7,3.7,5.7,86,57,2,3,10,19
561,8.2,2.5,1.4,56,61,4,7,10,8
562,5.3,6.6,1.9,90,58,3,7,9,7
563,4.8,0.5,1.1,85,97,1,1,7,59
564,4.1,3.3,3.5,26,92,0,8,7,63
565,6.1,3.7,0.9,53,40,3,7,10,7
566,7.5,5.8,2.1,3,63,2,1,8,55
567,6.4,4.6,4.2,87,100,3,8,8,3
568,6.6,5.3,3.4,22,75,0,2,9,67
569,9.4,6.2,2.3,47,64,5,8,2,18
570,6.1,6.9,2.5,82,75,4,3,8,45
571,7.1,2.5,3.4,41,70,3,10,8,97
572,8.7,4.3,0.0,2,70,0,7,5,92
573,6.4,6.7,0.5,90,41,0,6,5,36
574,7.7,7.9,5.3,2,58,1,5,4,16
575,9.2,7.1,0.5,27,92,5,10,5,79
576,9.7,3.0,4.2,62,51,1,2,2,29
577,4.9,1.6,5.5,80,49,5,2,2,59
578,9.6,3.9,1.6,30,70,4,1,5,18
579,7.0,5.9,2.2,9,84,1,9,3,49
580,5.5,3.9,3.4,48,100,4,8,1,46
581,6.8,3.9,5.3,85,61,2,8,9,83
582,9.9,6.7,5.7,20,62,2,1,2,29
583,7.0,2.9,4.4,52,91,5,5,10,70
584,6.0,6.9,0.5,86,62,5,6,2,50
585,7.8,3.3,4.0,75,54,1,2,4,55
586,5.4,2.6,2.5,88,65,2,10,2,27
587,4.5,3.6,2.8,53,42,3,5,7,7
588,4.8,6.1,0.3,56,62,3,6,10,91
589,4.8,1.0,1.1,19,59,3,9,1,83
590,4.9,1.6,4.7,48,100,2,10,2,81
591,4.8,7.6,2.7,6,84,3,1,5,41
592,7.8,1.4,1.8,28,79,4,10,2,11
593,5.1,4.5,2.3,47,96,0,3,9,5
594,6.1,4.6,5.1,12,78,5,9,4,66
595,9.4,3.9,4.5,2,95,1,1,9,56
596,6.8,5.2,1.6,1,47,4,1,1,12
597,8.0,1.8,0.7,15,57,3,1,1,42
598,5.0,4.4,1.5,5,80,0,7,1,75
599,5.2,3.0,5.5,44,45,1,5,4,10
600,4.2,5.3,3.5,70,66,4,6,9,28
601,5.0,1.1,3.2,4,75,1,8,8,7
602,5.7,4.6,3.6,55,54,5,2,7,14
603,5.1,1.5,2.2,70,76,2,2,1,77
604,4.5,2.2,4.8,31,97,3,3,3,69
605,4.7,1.7,3.1,48,44,4,3,9,61
606,6.8,1.5,0.7,12,78,4,3,9,51
607,5.2,6.6,0.8,29,48,0,4,5,42
608,6.2,2.3,3.2,24,46,0,3,6,8
609,7.0,7.4,5.6,84,80,0,2,6,50
610,8.1,7.8,1.9,59,59,1,9,10,1
611,4.2,4.6,5.2,58,49,3,6,4,69
612,8.8,1.1,4.6,84,65,1,3,1,11
613,7.8,3.0,1.5,27,43,3,9,5,48
614,4.5,6.4,0.2,57,77,4,4,1,10
615,9.2,2.9,0.6,19,63,1,4,1,15
616,9.5,0.7,4.4,33,53,1,8,5,47
617,4.4,4.5,1.2,4,80,1,7,5,93
618,5.7,6.8,2.2,81,40,2,7,7,25
619,8.8,6.4,3.0,59,56,5,10,2,6
620,8.5,1.4,4.4,42,84,3,7,6,11
621,5.1,5.4,0.7,56,63,3,10,2,17
622,5.3,1.8,2.4,56,66,1,5,10,15
623,6.2,1.7,2.9,74,46,2,7,5,16
624,6.9,7.0,3.2,53,48,1,4,4,56
625,7.7,2.0,4.9,80,82,3,8,10,66
626,6.2,2.1,1.0,44,74,5,9,5,36
627,6.8,0.0,4.8,85,97,5,3,2,83
628,8.5,7.0,4.2,36,51,4,7,8,38
629,4.2,6.3,3.3,83,60,2,10,8,85
630,5.5,5.0,4.2,47,42,5,9,6,75
631,8.3,6.0,2.5,53,54,2,1,3,3
632,9.4,1.2,0.8,47,60,1,2,4,98
633,7.1,3.7,4.0,5,49,4,7,1,18
634,7.2,2.8,3.1,33,72,3,2,9,79
635,4.6,0.8,3.8,62,85,5,7,10,89
636,6.7,3.9,2.0,77,98,5,1,5,54
637,7.2,7.4,5.4,47,91,0,3,8,79
638,5.5,0.3,3.5,22,45,3,5,3,94
639,5.6,2.3,0.5,83,41,5,6,4,17
640,6.3,1.7,2.7,12,68,5,9,4,82
641,4.1,1.9,4.5,46,94,3,9,8,95
642,5.9,7.3,4.8,43,79,4,3,9,82
643,5.3,3.7,3.0,31,72,2,8,3,99
644,6.0,3.7,5.4,25,100,3,4,7,13
645,4.7,6.1,1.6,52,43,2,7,9,63
646,9.3,1.2,2.5,13,98,4,6,2,14
647,7.6,3.9,5.4,51,43,4,8,4,59
648,8.1,3.4,5.4,35,68,1,6,3,36
649,8.7,4.8,4.1,7,76,0,4,8,18
650,7.0,8.0,5.2,39,99,4,2,4,5
651,4.5,6.2,0.5,85,99,4,7,9,14
652,7.2,3.2,5.2,21,59,2,4,1,25
653,7.5,6.6,1.9,15,80,4,9,1,44
654,8.5,1.4,1.1,90,62,3,9,4,39
655,6.6,0.2,1.4,59,84,1,7,3,12
656,4.8,1.6,2.5,59,57,1,5,3,61
657,5.7,2.7,1.5,9,88,3,3,10,62
658,6.2,4.1,1.9,24,64,5,3,2,53
659,7.9,4.9,0.8,30,40,4,9,10,53
660,7.4,7.3,1.8,20,93,0,9,10,28
661,6.1,4.1,3.4,90,54,4,4,2,35
662,9.9,4.0,2.7,80,73,1,1,8,65
663,7.6,0.4,2.1,32,87,0,10,1,3
664,5.4,0.3,4.5,30,59,5,5,8,43
665,4.6,4.4,5.4,89,93,2,8,10,50
666,4.9,3.5,4.5,20,76,2,10,3,71
667,5.5,6.7,2.0,35,66,4,4,2,9
668,5.0,1.3,4.5,64,61,4,10,9,36
669,5.1,0.2,0.9,3,90,0,10,5,23
670,5.7,3.6,0.8,67,44,0,4,5,88
671,5.0,1.9,2.1,89,73,5,9,6,74
672,9.4,0.4,4.8,3,78,4,9,4,50
673,4.5,5.8,1.5,8,42,1,7,7,55
674,7.1,0.9,0.4,29,56,2,10,7,12
675,6.5,4.9,0.8,44,63,5,8,9,83
676,9.9,2.2,5.2,3,63,0,4,6,32
677,4.7,1.4,3.8,68,42,1,8,1,24
678,6.4,3.0,1.5,22,84,4,6,9,86
679,9.8,6.4,3.3,15,46,3,3,10,67
680,9.2,3.1,3.2,21,64,0,7,9,27
681,8.9,6.0,3.9,71,95,5,3,5,61
682,5.5,1.0,1.4,47,42,3,7,7,19
683,5.0,6.2,5.2,61,54,1,5,1,73
684,8.0,1.9,1.9,59,68,2,4,4,51
685,9.6,5.4,4.2,79,89,1,3,10,64
686,7.3,4.5,0.1,4,68,2,8,4,77
687,7.4,7.4,2.2,79,49,1,4,5,2
688,5.7,3.1,2.1,6,71,0,8,6,36
689,8.6,0.5,3.3,50,62,0,10,4,93
690,5.1,0.2,0.4,64,78,5,3,6,11
691,5.9,6.6,4.7,8,48,3,10,10,98
692,6.6,4.2,1.3,81,76,1,9,7,68
693,7.0,6.2,4.1,44,91,1,6,3,68
694,5.5,1.9,4.8,46,79,3,5,9,64
695,4.7,2.8,3.4,66,53,4,5,8,1
696,7.7,0.2,4.4,23,43,5,3,1,89
697,5.7,7.7,4.0,9,59,1,2,2,26
698,7.5,5.3,2.1,72,67,5,6,2,11
699,4.9,7.5,4.9,76,53,1,1,10,87
700,6.9,2.1,1.8,47,83,1,7,9,2
701,7.2,4.9,3.4,34,73,4,5,9,83
702,4.3,5.4,4.5,53,52,0,4,9,93
703,6.0,2.5,2.3,86,70,5,9,1,40
704,4.8,6.8,1.8,80,72,3,10,7,4
705,4.4,7.6,2.8,70,91,5,1,3,80
706,9.9,7.1,4.9,15,78,4,4,9,37
707,5.9,5.9,5.6,52,67,2,3,8,61
708,8.9,2.2,3.3,39,64,2,6,3,91
709,5.5,2.3,4.0,19,71,4,5,1,5
710,8.1,7.7,5.4,87,48,4,7,9,15
711,8.6,0.1,0.6,68,67,0,1,10,87
712,7.6,5.7,1.4,44,97,5,5,1,67
713,6.8,5.6,4.3,5,70,5,2,3,82
714,6.5,5.0,4.9,68,56,2,2,6,26
715,6.1,7.9,5.1,48,92,3,2,6,6
716,9.6,2.5,2.5,38,62,5,9,10,44
717,9.0,2.7,0.5,1,52,1,10,4,58
718,9.8,0.6,2.6,38,94,1,3,2,81
719,4.7,3.5,1.4,20,49,0,4,10,46
720,8.4,2.1,1.7,39,55,0,5,6,42
721,9.6,2.7,4.6,81,45,2,4,10,48
722,5.1,6.7,0.5,53,87,3,4,5,27
723,4.4,7.5,5.0,11,50,3,5,6,20
724,8.4,1.5,2.6,80,97,4,10,7,70
725,7.4,3.0,3.6,36,91,0,9,9,35
726,9.1,7.4,0.5,37,42,5,9,7,76
727,4.8,0.5,2.0,14,67,1,6,4,48
728,8.8,0.7,0.5,6,100,5,3,10,67
729,5.2,1.3,5.8,77,80,1,6,5,68
730,5.0,4.8,4.8,49,54,2,10,6,52
731,5.0,1.2,2.8,64,99,1,4,9,68
732,8.9,7.7,1.3,66,52,5,3,5,4
733,8.0,3.6,5.6,43,81,5,6,5,39
734,7.1,4.0,2.1,30,91,3,6,7,21
735,6.2,2.0,1.0,42,95,3,2,2,66
736,9.3,3.8,3.4,76,84,0,9,3,16
737,6.4,5.3,5.7,47,56,5,8,2,7
738,8.9,6.0,0.0,81,46,2,6,10,83
739,6.6,6.0,1.4,80,67,1,1,10,97
740,6.3,4.6,5.6,80,77,0,2,2,9
741,6.8,7.2,1.0,60,52,4,4,3,17
742,5.8,6.5,0.7,74,99,4,7,6,91
743,8.5,6.1,3.4,83,56,1,9,5,97
744,7.0,0.4,5.2,9,54,1,10,5,12
745,5.4,0.1,2.9,28,75,1,5,2,57
746,9.4,1.7,6.0,47,67,3,10,2,45
747,6.3,5.3,4.1,80,54,1,2,1,11
748,7.3,3.3,0.4,61,85,4,1,3,13
749,9.4,3.2,6.0,12,92,1,10,7,31
750,7.7,7.1,2.4,43,50,5,1,5,77
751,4.7,7.2,1.7,46,95,2,5,7,26
752,9.6,7.3,3.3,63,70,4,7,9,63
753,7.8,2.5,1.8,90,43,2,9,6,31
754,6.0,5.5,0.5,52,74,4,9,2,22
755,4.8,2.2,0.0,89,73,0,8,1,6
756,8.8,1.5,2.7,76,91,5,1,1,20
757,7.7,1.5,5.0,75,66,4,5,10,85
758,7.2,2.7,3.4,43,49,5,6,9,10
759,9.4,3.4,6.0,27,69,4,6,6,83
760,8.7,6.6,1.7,1,84,2,4,6,35
761,4.9,1.0,1.7,56,59,2,1,4,26
762,5.9,5.9,1.0,56,68,4,3,2,71
763,5.5,4.3,1.0,33,97,4,10,10,37
764,8.5,2.3,1.7,86,92,3,4,3,8
765,4.2,3.9,4.8,57,68,5,4,3,5
766,7.4,2.4,5.4,51,62,5,4,8,44
767,8.6,4.8,5.9,28,96,5,5,6,100
768,9.3,3.5,1.4,34,89,5,9,7,92
769,6.1,1.3,5.3,74,60,0,4,9,67
770,8.9,0.9,2.0,47,87,0,9,1,72
771,4.7,4.4,0.7,32,82,1,9,2,79
772,9.1,7.2,5.2,74,49,4,1,9,91
773,4.8,2.8,3.8,72,80,4,5,5,49
774,6.4,5.9,1.0,77,51,4,9,4,36
775,8.8,5.3,2.6,8,69,4,4,1,80
776,4.9,7.5,1.7,47,100,5,5,9,26
777,5.4,6.6,4.4,66,90,5,4,9,45
778,8.3,4.5,2.7,82,72,0,2,4,61
779,8.3,5.3,5.9,35,57,2,10,9,44
780,7.8,7.2,0.3,70,53,3,2,10,4
781,8.2,3.2,2.1,43,61,5,2,1,76
782,7.3,2.6,2.9,81,60,5,1,5,81
783,5.5,0.1,3.0,59,40,5,3,1,58
784,6.1,6.6,1.9,62,88,2,10,4,26
785,5.1,6.4,4.4,4,82,2,1,5,95
786,9.5,0.8,5.2,86,91,0,4,3,79
787,7.5,4.6,5.6,85,99,5,1,2,98
788,6.4,3.7,4.8,89,54,3,4,6,29
789,6.8,0.9,5.1,75,75,4,3,3,9
790,9.7,7.8,3.3,39,86,5,9,10,78
791,4.9,1.7,5.0,18,93,0,1,1,36
792,7.5,0.5,1.8,46,61,0,8,5,4
793,7.0,4.8,2.4,64,71,3,9,2,59
794,7.7,5.9,1.9,66,97,1,7,2,37
795,4.1,0.3,2.8,90,85,0,1,4,88
796,9.2,5.3,1.7,17,93,2,4,4,81
797,9.6,4.3,5.8,49,72,2,10,4,13
798,7.4,0.8,1.9,29,97,4,1,7,20
799,8.2,1.4,0.6,65,80,0,4,1,17
800,9.5,4.5,3.2,4,98,4,3,8,51
801,8.2,2.4,0.3,41,78,0,2,10,91
802,4.9,7.5,0.7,83,62,3,1,9,55
803,7.5,6.5,1.3,4,82,5,6,10,33
804,7.6,7.9,2.8,49,94,0,7,6,21
805,6.5,2.1,2.6,84,41,1,6,4,81
806,8.4,7.8,4.8,57,41,2,9,6,22
807,9.6,3.4,4.4,78,77,3,9,10,25
808,9.6,2.8,2.6,83,94,5,2,7,67
809,6.7,0.4,2.0,7,90,5,2,6,91
810,4.7,0.4,1.9,30,68,2,9,1,91
811,9.9,5.5,4.6,11,91,5,1,5,12
812,9.0,3.7,0.3,20,85,4,5,8,15
813,4.7,1.8,0.1,61,99,3,1,8,84
814,9.5,4.9,4.8,90,42,1,7,10,86
815,9.2,2.0,2.9,89,78,2,9,9,2
816,7.1,4.6,0.8,32,46,0,6,4,4
817,7.5,2.9,1.4,25,75,0,2,10,45
818,6.4,6.6,5.6,89,68,0,6,6,13
819,4.3,6.6,5.2,39,94,3,9,7,55
820,6.0,3.8,4.3,64,76,1,3,5,32
821,8.8,2.8,2.9,58,88,5,9,8,22
822,4.0,2.9,3.1,14,97,1,8,3,89
823,6.0,6.4,5.9,0,75,1,7,8,91
824,6.4,2.6,5.8,10,62,2,8,5,55
825,7.2,1.7,1.3,54,84,3,10,1,17
826,9.5,0.7,4.9,1,55,0,6,6,70
827,6.1,3.7,1.2,64,87,2,3,2,51
828,6.1,3.9,1.3,43,70,5,7,7,80
829,8.4,6.7,4.1,15,73,1,4,9,8
830,6.7,1.8,2.4,21,89,0,10,3,61
831,5.3,3.0,5.6,17,40,3,5,10,97
832,6.7,6.5,0.5,46,57,4,8,4,10
833,4.8,6.6,3.1,80,97,1,7,4,98
834,5.1,3.1,5.5,29,79,1,7,4,19
835,7.0,3.7,5.4,9,82,1,8,3,14
836,6.5,2.4,0.9,57,95,1,10,5,67
837,9.5,7.5,2.2,61,95,0,3,9,55
838,6.2,0.9,3.7,84,54,3,3,8,61
839,7.5,7.5,1.0,79,87,2,2,10,56
840,7.8,5.5,5.8,5,88,0,1,2,63
841,4.1,4.3,5.5,66,56,3,10,9,87
842,8.0,0.3,1.0,40,83,2,6,10,11
843,5.1,3.8,0.7,42,49,1,6,2,47
844,9.8,3.3,0.5,84,59,3,10,7,6
845,4.9,1.3,5.5,76,45,1,8,5,34
846,6.5,5.3,1.2,17,47,3,6,7,65
847,4.5,7.8,2.5,57,84,5,6,5,99
848,10.0,4.5,2.7,59,73,4,1,6,89
849,7.0,5.7,3.6,87,100,1,7,8,64
850,7.6,0.5,0.4,26,71,1,7,1,93
851,4.4,3.3,1.4,67,90,1,10,1,87
852,8.5,0.9,5.6,21,93,5,9,5,82
853,5.3,4.9,5.5,23,81,0,7,1,78
854,9.4,7.5,4.7,39,43,2,8,3,81
855,5.2,5.3,0.1,73,83,1,4,10,66
856,5.1,0.6,2.0,65,89,1,9,9,31
857,4.2,2.8,3.8,39,78,0,1,7,83
858,6.8,4.4,1.7,5,59,0,8,6,96
859,7.4,3.2,5.5,17,63,4,3,8,62
860,4.4,6.7,3.8,80,63,3,1,8,54
861,8.7,6.5,0.4,86,94,1,2,6,92
862,6.7,4.9,5.5,29,65,3,6,4,8
863,7.1,3.0,5.7,20,64,0,5,4,42
864,6.6,2.0,0.5,61,75,0,3,4,41
865,6.4,0.8,3.2,9,46,4,9,6,59
866,7.4,2.8,1.8,12,49,2,8,1,40
867,4.9,3.3,2.4,75,97,5,3,2,22
868,5.1,5.4,1.1,8,86,5,2,6,24
869,9.2,5.3,3.5,67,51,5,8,1,38
870,9.7,0.6,5.7,38,40,0,5,9,2
871,6.2,3.2,3.0,23,91,1,9,6,41
872,5.6,1.5,0.5,33,89,4,1,7,19
873,7.9,1.3,3.7,60,64,2,10,1,2
874,6.5,6.6,2.0,40,55,5,3,8,92
875,4.2,0.3,5.1,4,44,4,5,5,96
876,4.9,3.4,2.6,78,58,0,2,5,62
877,8.3,1.3,1.2,49,43,5,3,6,83
878,8.0,7.0,1.1,3,45,2,4,7,16
879,4.2,4.5,4.6,50,65,3,4,7,94
880,5.3,1.9,1.6,51,88,2,9,5,22
881,5.4,4.0,4.6,38,78,1,1,1,14
882,8.0,5.9,1.2,7,95,5,9,9,56
883,4.1,7.7,1.9,44,94,5,9,6,65
884,4.6,1.8,2.8,87,78,3,6,9,45
885,8.8,7.1,5.7,27,48,3,1,4,54
886,5.1,7.5,5.6,26,84,5,6,2,66
887,7.9,7.3,1.2,64,91,1,8,3,86
888,5.4,5.1,2.1,33,53,3,5,4,46
889,4.6,5.0,0.9,80,87,0,5,10,33
890,5.5,3.2,3.1,61,94,5,1,8,79
891,8.3,6.0,2.8,61,48,2,1,3,50
892,9.1,4.3,5.4,37,54,2,8,8,22
893,9.0,5.4,5.6,25,76,1,5,6,40
894,6.4,3.4,2.3,23,89,0,8,4,39
895,8.0,5.9,3.0,38,92,3,10,7,41
896,5.2,6.6,5.4,20,59,5,2,5,75
897,5.8,1.2,4.8,46,47,2,4,5,68
898,9.4,6.7,0.0,47,71,2,10,9,7
899,4.1,4.3,1.9,12,86,2,9,3,85
900,4.5,6.8,2.5,2,60,2,3,10,71
901,5.2,3.5,1.4,31,96,4,6,4,4
902,4.2,3.0,1.2,34,80,1,7,5,76
903,5.1,7.3,0.2,18,58,3,3,1,91
904,7.5,2.0,3.9,13,68,5,1,7,59
905,6.5,6.8,1.6,47,97,5,2,8,81
906,9.4,3.9,0.3,85,70,5,10,6,84
907,8.9,4.1,1.4,80,93,3,7,9,95
908,6.1,2.5,4.8,67,45,1,7,3,26
909,5.6,4.6,5.1,44,43,0,1,2,31
910,6.3,2.6,2.9,18,82,1,10,5,99
911,7.5,0.3,2.5,63,68,2,7,9,73
912,5.6,2.2,5.9,65,81,2,10,1,69
913,7.7,0.1,1.2,78,42,1,6,1,52
914,6.5,7.8,1.3,65,40,1,6,10,72
915,7.3,7.7,1.8,74,83,3,7,3,21
916,6.6,3.2,1.0,44,94,3,7,10,16
917,5.8,5.8,2.3,86,54,4,1,3,51
918,9.7,2.8,5.5,73,86,5,10,5,16
919,8.6,5.4,3.7,66,60,4,5,4,18
920,4.8,6.4,2.5,68,85,5,8,6,47
921,9.2,7.6,5.6,2,97,2,8,8,56
922,6.9,3.2,0.3,37,70,4,3,8,28
923,9.4,6.3,1.3,76,46,4,3,4,82
924,8.8,2.1,3.4,41,56,0,7,1,78
925,6.6,7.9,3.7,82,95,1,4,7,56
926,4.1,0.2,0.2,39,58,3,6,6,37
927,5.6,4.8,2.4,49,78,4,9,5,16
928,7.2,5.3,3.9,34,99,3,10,4,85
929,7.8,5.5,4.2,23,42,5,2,6,65
930,5.5,1.0,3.8,87,69,4,2,8,60
931,4.8,7.5,1.9,16,74,5,6,6,61
932,9.0,1.4,0.6,39,97,4,3,3,11
933,9.9,5.0,2.6,73,96,2,1,9,75
934,7.2,1.8,0.8,65,68,0,2,3,66
935,5.0,2.5,5.7,43,89,5,7,4,32
936,5.6,4.4,2.9,22,91,1,4,5,19
937,4.1,3.3,1.9,5,93,1,2,2,56
938,9.5,1.3,4.6,65,53,2,8,10,5
939,4.7,1.4,3.0,20,74,2,4,10,3
940,7.5,3.3,1.9,34,67,1,4,2,28
941,5.6,6.1,4.9,28,97,5,2,6,90
942,7.3,7.2,5.2,6,69,1,1,2,87
943,7.9,0.7,4.0,52,65,0,1,10,94
944,9.0,3.1,0.3,36,46,4,3,1,72
945,5.2,0.8,3.4,22,78,0,6,8,100
946,4.1,0.1,4.6,7,70,1,7,10,29
947,4.8,5.3,0.8,75,44,4,9,10,77
948,9.4,4.8,1.4,47,74,1,5,1,59
949,9.2,1.3,5.3,9,89,0,9,10,25
950,7.6,1.9,0.1,78,86,0,8,6,22
951,7.6,0.2,4.5,23,91,5,1,1,97
952,8.0,6.7,2.8,89,53,5,3,8,71
953,5.1,7.8,2.7,46,100,0,8,5,23
954,9.5,1.1,0.0,52,75,4,9,3,70
955,6.5,1.9,4.9,38,66,5,4,5,79
956,6.3,6.9,2.2,66,63,5,6,1,79
957,7.1,7.4,3.2,65,79,3,4,1,40
958,4.3,3.4,4.1,5,68,3,9,4,98
959,5.0,0.4,4.2,20,92,5,2,9,14
960,8.4,0.3,5.7,72,84,1,6,9,29
961,4.5,4.6,3.2,73,61,4,3,1,16
962,7.6,3.1,2.4,35,47,2,10,3,93
963,5.5,0.2,5.7,2,54,5,4,4,87
964,6.3,4.7,3.9,87,88,3,2,2,10
965,5.7,0.1,1.8,85,44,4,8,7,47
966,6.1,6.3,0.8,77,91,4,10,3,4
967,8.3,2.5,5.1,41,43,3,8,1,12
968,5.8,0.3,2.2,44,50,4,1,1,42
969,7.4,4.7,4.0,43,57,4,10,3,98
970,6.9,3.2,2.8,90,81,3,6,6,4
971,8.0,7.8,1.2,32,88,0,1,4,84
972,9.6,4.4,3.6,59,69,5,6,1,92
973,8.4,2.2,0.4,85,54,1,7,7,92
974,5.3,5.7,2.5,82,45,2,2,2,6
975,4.2,2.2,3.3,82,94,1,9,5,14
976,5.6,7.2,2.6,69,92,0,8,8,35
977,7.6,3.0,4.5,82,55,0,9,7,47
978,4.3,4.4,5.0,76,86,4,10,8,58
979,7.0,0.4,4.6,25,79,1,4,10,65
980,7.6,3.4,0.2,85,48,0,4,6,19
981,6.0,6.7,1.2,20,82,1,8,7,57
982,8.6,6.4,3.2,1,98,0,1,9,65
983,4.6,1.8,5.6,46,73,2,8,6,13
984,4.5,1.8,5.0,29,66,0,7,9,8
985,8.4,6.5,5.1,26,52,1,7,2,18
986,7.0,7.4,1.8,70,75,4,9,2,35
987,8.1,0.8,2.6,19,66,1,10,2,87
988,6.6,3.6,2.8,49,48,3,7,6,26
989,5.5,2.7,0.9,22,44,1,2,2,38
990,8.9,7.0,0.2,12,90,2,1,3,84
991,8.8,0.7,5.7,80,61,5,1,8,66
992,8.2,1.7,1.4,3,70,2,7,8,26
993,5.6,6.0,1.4,13,42,2,5,4,57
994,7.5,0.4,0.5,19,69,0,4,9,100
995,6.2,3.9,5.6,12,60,2,5,8,25
996,4.5,3.5,3.5,2,74,1,10,1,30
997,9.5,2.7,4.0,89,45,5,10,8,82
998,4.8,3.2,5.5,89,67,4,6,1,7
999,9.7,4.2,2.1,81,71,2,10,4,27
1000,6.7,1.3,3.7,77,81,1,6,10,11
1001,5.1,4.6,0.2,46,76,0,1,6,8
1002,7.3,6.4,1.1,2,64,0,2,7,11
1003,9.2,6.1,5.0,0,71,4,3,10,88
1004,8.4,1.2,4.6,89,74,4,4,4,30
1005,8.8,1.2,2.1,23,61,1,6,8,94
1006,8.0,2.1,2.3,34,63,4,9,8,15
1007,8.2,2.9,3.2,13,78,4,2,9,56
1008,9.1,3.3,0.0,66,93,0,8,6,35
1009,5.5,5.4,1.4,12,69,1,9,4,39
1010,6.9,0.5,1.2,46,89,5,2,2,24
1011,5.3,0.3,1.5,49,71,4,9,7,8
1012,9.9,3.1,4.8,77,70,1,7,10,43
1013,9.7,5.6,1.7,84,62,2,9,3,42
1014,4.2,1.5,1.1,25,79,0,6,3,84
1015,8.2,5.1,3.0,2,72,5,2,3,41
1016,9.6,2.1,5.2,50,64,0,8,4,47
1017,5.1,7.1,1.4,39,75,0,10,2,26
1018,7.4,7.2,0.5,67,63,3,9,5,52
1019,9.5,2.4,2.1,35,70,1,8,3,88
1020,4.2,1.8,4.5,50,97,2,2,10,22
1021,8.2,3.3,3.3,0,78,4,8,5,5
1022,5.8,1.9,4.9,32,85,2,3,7,15
1023,9.5,5.4,5.8,6,52,1,3,9,36
1024,9.8,6.6,4.8,51,49,0,9,2,63
1025,9.7,5.4,3.6,10,62,3,9,9,93
1026,6.8,6.6,3.0,26,57,1,9,10,79
1027,9.2,3.2,0.2,13,71,5,4,6,91
1028,9.1,1.3,5.9,85,72,5,7,6,49
1029,5.9,5.9,2.3,79,75,1,8,3,55
1030,9.0,2.9,0.9,45,67,4,5,10,72
1031,4.2,5.4,4.0,75,55,2,1,9,60
1032,7.6,2.2,1.7,9,55,2,9,4,57
1033,5.4,0.6,3.5,23,57,4,6,5,29
1034,4.7,7.9,3.5,60,47,3,3,3,19
1035,4.5,1.2,2.7,17,81,0,3,5,95
1036,8.2,7.9,5.0,85,55,0,10,8,73
1037,6.0,7.8,1.6,8,94,5,1,8,10
1038,8.3,6.4,2.7,16,95,3,8,8,10
1039,4.4,5.3,3.2,57,50,4,2,6,97
1040,5.9,4.6,4.0,12,45,1,1,1,89
1041,7.2,6.9,4.7,49,40,2,7,10,57
1042,8.7,2.3,2.4,5,100,1,9,6,54
1043,5.9,3.7,3.9,84,100,2,6,10,56
1044,7.8,5.0,0.9,50,51,1,8,7,68
1045,9.3,3.3,5.6,35,96,4,8,9,69
1046,7.7,3.4,2.3,70,77,4,9,8,87
1047,5.4,2.6,4.4,24,67,3,7,8,55
1048,4.1,4.5,0.1,10,84,1,9,7,69
1049,9.2,6.8,1.2,43,97,1,9,2,72
1050,4.1,1.6,2.9,13,56,3,1,1,81
1051,9.2,7.5,5.3,28,40,3,6,2,1
1052,7.2,5.5,3.2,73,71,4,8,6,12
1053,9.6,6.6,5.6,49,47,4,10,2,35
1054,8.8,4.4,2.9,4,93,5,9,10,78
1055,10.0,6.2,2.9,71,79,1,4,4,82
1056,6.1,0.1,0.7,68,95,4,2,10,74
1057,8.6,6.5,4.8,87,82,4,9,3,79
1058,6.4,0.3,1.5,56,85,1,9,6,33
1059,6.9,7.1,5.4,25,63,3,8,8,83
1060,7.8,7.9,5.5,5,49,1,3,6,98
1061,9.2,2.4,5.7,15,86,0,5,2,25
1062,9.9,1.7,3.1,59,78,1,2,5,16
1063,8.6,6.1,4.1,11,78,0,3,6,8
1064,6.5,2.0,4.7,74,49,1,1,9,35
1065,6.5,6.9,0.8,2,75,0,4,6,85
1066,8.4,0.8,3.6,62,64,0,5,10,83
1067,5.4,1.0,0.2,63,99,1,2,5,46
1068,4.7,7.8,3.0,61,89,5,3,1,11
1069,6.1,5.4,0.9,5,98,4,6,10,61
1070,5.7,6.8,1.1,18,96,2,6,5,44
1071,5.8,2.6,2.2,17,49,4,7,5,11
1072,5.4,5.4,2.6,79,58,0,9,6,11
1073,4.3,4.8,3.7,86,85,1,4,7,22
1074,4.1,4.8,0.4,42,84,1,5,4,85
1075,9.9,5.5,3.0,72,54,1,2,7,91
1076,6.6,4.6,1.1,2,55,1,6,5,82
1077,6.3,3.4,3.4,71,41,5,4,6,62
1078,8.1,2.2,3.8,37,68,2,5,4,48
1079,5.3,6.1,3.3,67,43,3,7,8,94
1080,9.7,1.8,4.4,75,92,0,6,9,63
1081,8.7,5.5,2.0,43,89,2,8,2,51
1082,4.5,1.9,4.6,88,68,4,6,4,45
1083,6.5,5.0,2.6,79,70,3,10,8,33
1084,9.3,6.0,2.9,62,56,3,8,8,85
1085,9.7,1.7,3.9,41,49,1,4,9,60
1086,6.8,0.5,0.1,63,66,2,7,3,2
1087,7.7,1.0,3.9,53,92,4,3,1,13
1088,5.0,4.8,3.7,77,80,1,1,9,66
1089,9.9,6.8,1.9,76,54,1,9,1,57
1090,5.4,0.4,0.5,70,99,5,9,3,43
1091,9.7,5.9,0.5,75,83,0,6,3,45
1092,7.9,2.7,5.5,36,70,3,2,9,31
1093,7.6,3.8,4.1,3,60,4,8,1,10
1094,7.1,7.4,0.8,1,99,3,10,7,23
1095,5.4,2.7,2.1,43,98,2,6,2,86
1096,5.1,3.7,3.6,66,97,0,7,7,29
1097,5.3,0.1,5.0,67,80,1,1,1,97
1098,5.1,0.7,0.3,75,85,0,3,10,31
1099,8.7,2.1,1.4,82,84,1,1,10,78
1100,6.1,0.2,5.3,73,99,0,10,8,74
1101,4.3,5.1,0.1,61,65,1,1,10,18
1102,9.8,3.4,1.2,0,77,3,1,10,11
1103,9.3,4.4,5.8,16,90,3,4,2,47
1104,9.6,1.4,3.7,15,75,3,7,3,3
1105,10.0,2.4,1.6,8,91,3,7,8,2
1106,5.0,5.3,0.4,52,56,0,5,3,54
1107,6.4,7.7,0.2,72,90,1,6,1,72
1108,8.5,0.4,1.5,58,42,3,2,9,31
1109,8.2,7.1,5.3,8,100,0,5,8,8
1110,4.9,4.6,2.5,11,53,1,7,4,43
1111,8.9,4.5,4.3,40,88,0,9,8,48
1112,5.3,4.0,5.5,14,52,5,6,5,2
1113,5.3,0.6,2.4,65,80,3,10,3,22
1114,7.2,0.7,1.1,74,66,2,4,1,5
1115,7.6,4.8,3.1,10,40,0,3,10,7
1116,7.5,2.7,5.4,7,96,3,9,5,20
1117,4.5,7.3,4.8,54,56,4,7,6,92
1118,9.3,3.3,0.4,5,87,1,6,4,77
1119,5.6,1.1,4.2,52,89,5,7,7,2
1120,4.8,5.7,3.4,19,73,3,8,3,32
1121,9.3,2.3,5.4,38,53,4,5,7,90
1122,9.7,4.2,0.7,71,93,0,3,1,3
1123,9.2,5.6,3.2,33,94,0,3,7,41
1124,8.9,7.2,5.3,56,98,4,2,1,42
1125,7.9,6.3,2.5,18,56,5,8,1,77
1126,7.3,5.4,2.9,70,42,4,1,2,85
1127,4.5,5.4,0.4,30,73,1,8,2,45
1128,6.5,7.6,1.7,81,79,0,3,4,87
1129,6.2,2.4,1.9,39,64,4,9,1,71
1130,5.6,0.0,5.7,13,100,2,2,4,17
1131,8.3,2.2,1.7,80,41,2,10,2,92
1132,7.0,1.7,2.8,36,73,4,9,4,47
1133,4.5,5.3,4.0,43,65,1,6,4,94
1134,5.3,5.1,1.0,8,70,0,1,9,69
1135,8.1,4.7,2.9,57,48,2,5,9,24
1136,4.5,0.1,4.4,19,69,4,10,1,71
1137,9.1,5.8,5.2,49,59,4,9,5,34
1138,7.0,2.6,3.8,19,60,3,6,7,50
1139,6.9,5.3,4.0,35,68,4,7,4,42
1140,7.6,4.5,0.8,26,98,1,4,5,33
1141,8.9,2.7,5.7,71,64,2,1,2,27
1142,6.1,1.1,0.8,31,77,3,5,3,78
1143,8.1,0.8,4.6,0,97,2,2,7,59
1144,7.4,6.7,1.6,16,83,2,8,10,19
1145,5.6,7.3,5.6,8,64,1,4,7,76
1146,9.3,5.2,4.3,83,48,4,1,4,3
1147,8.8,0.8,4.5,44,78,1,10,1,71
1148,8.0,3.2,1.3,65,83,4,7,1,99
1149,9.1,5.8,2.7,31,65,3,2,4,25
1150,9.2,6.2,3.7,44,96,1,3,4,15
1151,8.3,0.9,4.6,8,76,1,9,6,83
1152,9.0,0.0,0.6,29,55,5,9,7,60
1153,8.2,5.7,5.8,83,76,0,2,9,83
1154,8.1,2.9,5.3,37,51,1,3,9,23
1155,7.7,2.0,1.6,59,63,5,9,10,11
1156,8.5,0.1,4.9,0,65,0,1,5,59
1157,5.0,4.3,3.1,4,59,4,2,10,85
1158,9.3,6.8,2.8,62,48,4,2,3,34
1159,9.2,7.7,1.9,35,62,4,10,3,7
1160,4.2,4.5,3.5,64,78,5,3,6,44
1161,9.0,4.1,4.4,77,68,5,10,1,91
1162,4.8,0.7,2.5,72,70,0,3,7,64
1163,6.0,4.4,3.8,23,58,4,10,3,23
1164,8.5,3.0,4.2,3,59,2,2,5,58
1165,5.0,4.9,4.3,77,62,1,8,7,20
1166,8.9,3.1,0.3,88,82,5,8,7,27
1167,9.0,1.9,5.2,67,66,5,8,9,60
1168,7.0,0.8,2.7,24,69,5,2,1,8
1169,4.0,2.5,1.6,73,60,0,9,3,67
1170,5.7,0.8,1.5,6,83,4,7,9,2
1171,7.7,1.4,2.9,12,74,2,5,8,22
1172,9.9,7.9,5.3,67,88,1,7,2,70
1173,7.8,3.6,2.3,42,46,1,8,8,36
1174,5.6,4.3,4.5,56,61,4,9,8,24
1175,7.8,7.0,0.6,35,49,2,2,2,12
1176,7.2,8.0,2.9,13,62,0,6,8,81
1177,8.7,4.7,6.0,81,54,5,9,3,22
1178,4.6,6.5,4.6,71,69,5,6,7,83
1179,8.6,2.6,1.3,26,73,4,2,9,73
1180,7.2,2.4,3.0,36,52,1,1,4,76
1181,9.8,3.2,1.4,86,99,5,3,6,96
1182,6.1,5.4,2.5,70,43,1,5,9,95
1183,7.8,5.5,4.7,75,57,1,7,5,81
1184,9.6,2.5,4.6,24,95,4,10,1,23
1185,4.6,1.1,1.4,66,62,3,10,3,74
1186,9.6,5.1,5.5,89,72,3,3,9,63
1187,8.1,1.0,3.6,3,73,3,9,3,30
1188,4.4,4.6,2.3,78,73,2,10,10,19
1189,5.8,5.5,3.0,73,75,4,4,2,26
1190,8.2,5.6,3.6,84,74,1,10,4,90
1191,4.4,6.0,3.4,15,56,5,2,5,11
1192,7.5,7.0,2.9,18,67,2,3,7,20
1193,6.1,4.0,3.0,28,53,3,5,7,56
1194,7.7,5.8,1.1,50,73,0,3,9,45
1195,4.3,5.0,4.9,17,87,2,5,8,68
1196,9.2,1.5,3.3,57,50,2,4,2,47
1197,9.8,0.2,0.8,43,96,4,10,8,76
1198,9.8,2.3,4.6,15,52,5,3,8,89
1199,8.5,3.5,5.6,64,72,2,6,5,58
1200,4.8,4.9,5.7,1,96,5,8,3,10
1201,8.5,6.8,2.2,55,94,4,4,9,22
1202,4.1,1.6,0.8,78,41,0,9,7,71
1203,4.1,1.0,3.1,27,73,1,6,1,24
1204,5.9,7.7,0.7,64,92,1,5,8,66
1205,6.9,0.9,5.6,4,68,3,3,10,96
1206,8.6,3.8,1.1,21,76,3,5,5,85
1207,8.1,4.7,1.5,12,43,0,5,6,61
1208,6.7,4.3,2.4,64,51,1,4,9,7
1209,5.6,0.7,2.3,15,65,3,6,10,72
1210,10.0,0.5,4.8,85,97,5,3,8,38
1211,6.6,0.8,2.7,63,100,2,10,3,21
1212,6.7,4.7,1.0,31,67,4,1,5,8
1213,5.0,4.4,1.6,79,42,3,7,4,89
1214,8.8,1.9,3.1,50,59,0,7,1,28
1215,8.2,5.1,0.9,78,49,1,4,5,92
1216,5.3,6.6,3.7,57,91,0,9,10,54
1217,4.5,0.3,3.4,45,57,4,2,7,31
1218,8.1,4.0,4.3,51,92,4,1,1,100
1219,7.9,5.5,5.6,62,92,0,3,4,89
1220,5.6,2.0,5.5,75,92,3,7,6,41
1221,9.7,2.5,5.7,59,66,3,9,9,37
1222,4.9,4.9,1.5,64,70,1,2,8,38
1223,6.6,7.2,0.8,80,66,5,6,2,51
1224,9.7,6.5,1.8,54,81,1,3,3,76
1225,6.5,4.7,5.4,56,40,2,5,10,37
1226,7.8,5.8,5.8,70,45,5,9,5,31
1227,6.4,2.9,5.2,72,50,2,3,7,62
1228,5.6,5.1,0.7,85,73,1,1,3,18
1229,9.9,3.7,5.7,25,78,5,5,7,90
1230,6.5,1.5,2.5,11,59,5,1,5,6
1231,9.4,5.6,0.1,70,92,2,8,10,9
1232,5.4,4.5,2.7,45,60,0,7,6,11
1233,5.3,2.9,0.3,46,60,3,2,6,95
1234,4.2,7.3,3.3,78,57,5,9,4,2
1235,7.9,0.2,2.0,37,60,5,5,8,29
1236,6.2,2.5,2.8,20,58,2,7,9,51
1237,9.2,0.5,3.7,13,43,5,4,2,69
1238,6.8,6.1,5.2,1,52,2,1,9,23
1239,9.8,5.6,4.0,71,57,0,8,4,100
1240,5.1,2.7,2.6,69,91,5,1,6,7
1241,9.2,5.4,4.9,32,68,4,3,7,56
1242,8.7,3.2,5.4,5,64,1,6,4,77
1243,8.6,6.1,0.7,89,95,0,8,8,62
1244,9.1,3.6,3.2,36,52,4,8,10,74
1245,8.6,3.3,1.7,13,66,0,2,8,100
1246,7.8,7.5,0.3,36,99,3,9,1,80
1247,4.8,2.0,4.0,7,58,0,4,8,15
1248,4.2,1.0,5.2,76,88,0,4,10,53
1249,9.5,4.7,1.0,12,40,3,2,3,43
1250,7.7,7.8,4.9,39,77,5,1,5,83
1251,8.8,3.0,5.1,57,58,1,10,10,85
1252,6.9,0.5,5.5,17,91,4,7,8,35
1253,4.7,2.7,1.6,56,40,2,10,6,79
1254,4.8,4.0,5.4,82,79,1,3,4,14
1255,8.1,1.3,1.9,37,56,0,4,4,93
1256,6.6,5.3,3.3,31,60,2,9,4,69
1257,5.2,8.0,0.3,85,61,3,6,6,49
1258,6.9,3.6,0.3,65,54,1,1,7,18
1259,4.4,2.8,4.3,76,89,5,9,5,51
1260,7.5,3.2,2.7,86,78,4,9,10,1
1261,5.6,0.9,1.5,24,87,1,5,8,27
1262,8.8,7.1,1.1,57,78,1,8,7,64
1263,5.9,3.3,4.0,74,71,5,7,8,60
1264,6.7,3.1,0.0,32,88,2,8,4,91
1265,4.1,5.3,4.8,87,43,3,9,8,89
1266,4.4,3.5,0.5,65,83,5,2,6,41
1267,6.4,5.2,1.1,29,84,3,10,3,21
1268,6.9,0.5,2.3,80,71,5,5,8,14
1269,7.6,6.5,2.9,33,43,1,8,7,20
1270,5.7,7.5,2.1,85,92,3,3,10,92
1271,8.2,5.2,1.9,68,40,2,6,5,85
1272,9.2,7.6,5.8,47,72,2,6,4,87
1273,8.7,1.2,3.8,39,46,4,7,1,11
1274,4.2,3.8,0.1,50,48,3,3,10,66
1275,6.9,4.8,2.6,79,40,4,8,3,84
1276,4.6,4.7,5.3,12,55,5,8,2,24
1277,5.5,3.2,1.8,89,57,0,9,8,89
1278,9.9,2.7,0.6,30,93,2,8,8,37
1279,4.9,1.0,4.6,38,86,1,3,5,86
1280,7.0,3.1,3.6,62,45,2,6,5,24
1281,7.7,1.3,3.4,47,41,0,9,4,15
1282,8.2,5.9,0.3,86,48,1,1,1,12
1283,7.4,1.7,0.8,47,43,3,3,1,95
1284,4.1,0.5,3.7,60,84,3,2,6,64
1285,6.0,4.4,1.2,11,62,2,8,4,31
1286,7.1,4.8,3.0,77,93,1,6,4,53
1287,4.5,7.0,3.3,55,82,5,10,3,94
1288,6.1,4.6,1.7,17,84,1,8,9,84
1289,4.2,2.8,5.7,26,82,4,2,3,72
1290,4.5,6.4,5.1,27,90,0,6,8,44
1291,6.4,4.3,4.3,81,47,3,7,2,30
1292,4.8,0.6,0.5,79,78,2,8,4,35
1293,7.4,4.5,0.6,51,64,1,9,1,21
1294,8.1,7.3,3.0,15,55,3,5,5,63
1295,8.8,3.2,1.0,76,74,2,3,2,92
1296,5.2,2.4,5.9,57,56,3,2,1,17
1297,5.0,1.1,1.0,8,57,2,8,1,12
1298,4.6,1.2,2.9,25,99,3,1,2,18
1299,7.8,3.5,2.2,27,66,5,10,5,92
1300,8.2,4.8,3.8,76,54,4,6,9,60
1301,4.2,0.6,0.8,35,99,0,2,6,67
1302,9.6,7.5,2.6,8,56,3,3,4,15
1303,4.3,6.0,1.6,46,82,0,8,3,16
1304,7.2,4.7,5.3,77,44,3,1,8,22
1305,8.3,6.6,0.2,50,55,1,6,3,95
1306,9.2,0.6,5.5,75,54,4,3,1,63
1307,8.3,3.8,5.0,56,81,5,6,4,31
1308,8.8,5.0,1.8,31,85,4,3,5,1
1309,6.0,6.6,4.7,66,73,0,8,5,75
1310,8.9,6.3,0.2,56,87,1,5,5,6
1311,4.5,2.2,5.8,53,58,2,4,8,87
1312,9.4,7.5,3.2,15,47,4,9,8,9
1313,7.3,1.0,1.8,61,86,5,5,4,52
1314,8.9,7.0,2.2,83,49,1,4,9,80
1315,6.7,7.8,0.4,55,44,1,8,1,62
1316,7.9,1.4,5.9,22,91,0,8,5,58
1317,7.2,5.8,0.2,16,87,5,8,5,19
1318,8.4,0.3,3.9,79,92,1,4,5,13
1319,4.5,3.2,2.7,37,65,1,1,8,32
1320,4.4,4.1,5.7,71,61,2,2,9,100
1321,5.5,4.6,1.5,82,83,0,4,3,9
1322,5.0,7.5,3.2,29,62,0,10,9,49
1323,9.2,5.4,2.9,57,52,5,2,8,37
1324,5.3,3.9,4.2,77,48,1,10,3,31
1325,9.9,6.5,0.4,21,88,2,3,2,31
1326,6.0,7.6,1.2,16,59,3,9,4,59
1327,5.1,0.2,1.3,14,67,4,9,2,55
1328,8.7,7.9,4.4,47,83,0,9,4,19
1329,8.0,0.7,1.1,31,96,2,7,5,63
1330,7.0,6.5,3.4,76,76,5,4,2,2
1331,7.3,2.2,1.3,84,63,2,1,8,45
1332,8.3,1.1,5.2,39,83,1,3,1,96
1333,5.4,3.5,5.7,56,72,4,8,3,43
1334,10.0,5.2,3.1,57,59,0,4,7,98
1335,9.8,3.0,2.1,90,99,3,10,10,1
1336,7.9,0.4,1.4,15,87,1,10,1,85
1337,5.2,4.8,0.3,27,69,0,2,2,61
1338,8.1,7.2,1.6,0,83,5,8,3,3
1339,4.4,3.1,3.9,40,48,0,7,2,91
1340,4.2,1.7,3.2,47,84,2,10,2,44
1341,5.5,3.5,5.7,30,88,4,9,6,7
1342,6.8,0.4,2.4,35,56,3,2,7,33
1343,9.2,6.6,4.2,32,75,4,5,6,9
1344,8.4,6.6,2.9,32,53,2,6,6,30
1345,8.5,4.7,3.1,81,58,3,2,9,18
1346,6.6,2.8,1.6,22,46,3,2,8,56
1347,6.1,6.4,2.7,59,98,1,10,8,90
1348,6.2,4.4,2.8,86,42,3,4,6,84
1349,9.9,6.6,4.2,78,72,0,8,5,31
1350,4.2,5.1,5.6,89,83,4,5,9,72
1351,9.2,6.3,2.0,29,71,5,9,2,63
1352,7.5,4.8,0.3,88,86,5,4,7,87
1353,6.6,3.3,3.0,44,50,4,3,6,50
1354,8.4,7.7,3.3,79,81,1,10,7,89
1355,6.9,4.3,1.0,38,41,3,8,4,1
1356,9.2,4.8,4.6,44,65,2,1,9,82
1357,9.4,1.8,5.9,77,100,0,9,7,19
1358,6.5,5.0,5.7,80,43,1,4,2,64
1359,5.7,4.6,1.2,11,56,3,9,4,53
1360,7.6,1.5,5.3,31,56,5,8,5,6
1361,9.5,0.5,4.2,55,67,2,3,2,17
1362,5.3,4.8,2.7,23,69,3,3,10,46
1363,7.7,6.1,3.2,12,79,1,9,8,72
1364,7.8,4.2,5.1,19,62,2,3,1,73
1365,8.4,1.8,2.9,78,85,2,4,3,55
1366,4.8,5.3,2.2,55,63,2,9,1,91
1367,8.3,0.6,3.0,52,68,2,4,5,100
1368,9.5,3.5,3.5,67,43,3,3,8,6
1369,5.1,1.3,1.1,53,77,2,7,7,70
1370,5.4,1.5,5.4,33,68,3,6,9,68
1371,9.8,1.6,4.0,27,58,2,1,2,86
1372,5.1,3.1,3.8,49,66,2,10,8,40
1373,9.1,0.4,0.6,1,68,1,8,8,91
1374,7.0,3.2,3.6,25,95,3,1,6,66
1375,5.5,4.1,0.7,50,75,5,4,3,9
1376,9.2,3.9,0.5,46,74,3,6,2,11
1377,6.7,3.1,3.2,25,91,4,6,8,20
1378,7.1,6.7,2.4,83,45,5,7,6,43
1379,6.2,1.2,3.5,83,98,1,5,4,58
1380,7.6,4.0,0.5,74,62,3,5,5,78
1381,5.0,0.5,2.6,73,78,1,4,5,26
1382,6.3,0.6,1.0,60,85,5,6,9,38
1383,9.8,4.6,5.9,22,83,1,7,9,94
1384,5.5,4.5,3.4,36,87,1,10,8,36
1385,7.9,7.0,4.1,40,91,0,10,8,99
1386,6.0,4.5,2.0,51,47,3,1,2,55
1387,8.6,7.7,0.6,82,94,1,9,3,6
1388,4.8,0.4,5.9,81,41,0,8,8,3
1389,9.8,0.8,1.7,48,52,0,7,5,65
1390,6.7,0.4,2.5,26,79,2,9,7,64
1391,5.4,1.5,3.9,5,96,2,3,8,58
1392,4.4,4.3,0.1,73,60,5,10,6,58
1393,5.0,5.2,4.9,65,70,3,4,5,18
1394,7.1,0.4,3.2,23,91,2,7,8,23
1395,6.0,7.6,1.7,37,87,5,6,1,96
1396,9.0,6.7,0.4,27,75,3,2,1,29
1397,6.6,2.4,1.0,27,100,5,2,1,23
1398,5.5,0.6,5.4,65,87,0,10,3,36
1399,7.7,1.4,4.1,60,91,0,7,10,70
1400,8.2,1.0,1.5,45,77,3,9,6,81
1401,5.0,1.0,0.4,68,66,5,9,6,82
1402,5.0,4.1,4.1,74,75,5,7,5,95
1403,4.2,2.0,3.4,73,87,2,8,7,6
1404,8.4,2.9,2.4,42,62,2,10,5,34
1405,8.0,7.9,2.2,58,94,3,3,2,44
1406,6.8,5.5,1.3,1,60,4,1,4,44
1407,9.1,7.6,4.0,14,52,2,7,1,27
1408,8.8,1.1,5.8,36,76,1,8,7,100
1409,7.5,3.1,1.1,70,86,2,2,4,52
1410,9.2,4.4,3.6,19,65,4,9,4,42
1411,5.2,0.6,2.5,34,79,5,4,4,25
1412,4.7,0.0,2.7,33,46,0,10,3,74
1413,5.6,5.4,1.5,85,85,0,9,8,39
1414,4.3,5.1,5.0,30,78,5,3,4,39
1415,7.2,3.3,2.9,86,61,0,8,8,12
1416,9.6,3.9,3.3,18,78,2,2,9,11
1417,4.2,3.3,1.8,67,62,0,3,1,3
1418,4.7,0.2,1.1,23,97,4,1,4,22
1419,6.7,2.7,0.5,83,69,4,5,6,4
1420,9.6,1.4,4.3,38,57,2,4,8,8
1421,5.9,0.8,1.2,53,81,5,1,6,14
1422,7.0,7.7,4.1,38,57,1,10,6,84
1423,4.2,4.8,2.3,16,85,2,9,10,88
1424,4.9,5.8,2.5,18,49,0,6,4,14
1425,9.9,2.5,2.8,47,78,2,6,9,92
1426,9.8,3.1,2.2,34,69,4,2,7,16
1427,4.0,1.9,0.6,31,65,2,7,6,32
1428,9.7,0.8,1.9,46,46,2,9,1,64
1429,7.8,1.4,4.0,46,46,1,6,2,76
1430,9.2,6.4,4.0,63,44,4,8,6,16
1431,6.7,5.4,1.7,45,40,3,5,1,52
1432,7.1,4.4,2.8,34,85,3,2,5,19
1433,6.9,3.8,1.2,16,57,4,4,1,69
1434,8.0,7.4,1.3,41,52,3,1,3,12
1435,4.8,0.6,0.1,28,64,0,1,7,93
1436,4.2,2.2,5.4,69,79,3,6,5,5
1437,5.8,2.8,1.3,16,47,0,2,10,42
1438,8.2,6.3,1.4,80,49,4,6,1,17
1439,5.2,7.9,1.7,13,71,3,1,1,72
1440,8.0,1.9,0.8,23,56,3,10,8,94
1441,9.8,7.0,3.8,56,77,5,3,9,10
1442,4.6,6.6,0.5,49,54,0,9,7,84
1443,8.0,1.8,0.8,56,54,0,2,3,16
1444,6.7,3.2,3.9,60,96,2,8,6,16
1445,9.2,3.3,2.0,38,87,1,6,3,42
1446,5.1,7.8,4.2,54,79,3,6,10,3
1447,8.2,1.4,3.3,35,90,5,7,4,23
1448,9.0,6.4,1.5,36,59,1,5,4,86
1449,9.7,2.7,3.9,13,54,5,4,3,28
1450,8.1,5.8,0.7,26,74,1,6,10,45
1451,7.0,3.4,3.2,82,45,3,8,6,100
1452,7.7,4.6,2.6,30,69,5,4,5,68
1453,9.2,6.7,1.6,72,96,0,5,9,24
1454,7.4,6.4,3.6,80,47,2,7,9,19
1455,4.2,6.9,5.2,82,70,5,6,3,75
1456,9.6,0.5,6.0,43,87,4,4,9,40
1457,8.1,5.5,3.6,67,86,3,4,3,46
1458,8.1,1.1,2.4,47,71,3,10,4,40
1459,5.3,3.3,1.4,56,84,4,4,1,62
1460,8.0,4.4,1.5,74,97,1,1,5,18
1461,6.4,3.2,2.9,21,91,2,5,9,12
1462,7.9,4.2,2.2,3,54,1,8,2,14
1463,4.6,8.0,5.5,80,57,4,7,4,82
1464,7.9,1.1,2.2,71,52,4,5,10,61
1465,10.0,5.4,2.2,45,63,2,3,2,12
1466,4.3,3.2,2.3,58,79,4,1,8,27
1467,9.9,1.1,5.0,33,53,4,7,9,6
1468,6.4,1.3,3.9,10,67,5,3,3,88
1469,9.2,7.6,3.7,30,50,2,4,9,33
1470,8.7,7.0,2.0,10,45,3,5,6,80
1471,7.4,7.3,4.9,55,95,1,8,6,50
1472,8.4,7.9,0.2,37,64,3,7,7,12
1473,9.3,1.7,5.2,20,100,3,9,5,95
1474,6.4,2.8,3.1,9,40,5,3,6,57
1475,6.0,5.4,2.4,25,64,1,10,1,53
1476,8.0,3.9,3.0,90,41,3,1,3,13
1477,8.8,3.3,4.0,7,71,2,1,9,72
1478,8.6,2.9,0.1,7,52,1,10,5,3
1479,8.8,4.8,5.2,59,72,0,1,5,64
1480,6.6,4.6,2.7,71,71,5,2,8,84
1481,8.9,1.3,2.1,33,95,3,2,2,58
1482,4.7,3.8,0.8,15,63,4,7,7,4
1483,7.3,4.4,2.6,12,66,1,9,9,45
1484,4.0,4.6,3.0,86,43,0,8,7,66
1485,5.9,1.7,2.4,75,63,4,4,5,36
1486,6.2,5.9,4.1,90,62,0,2,6,23
1487,6.4,0.2,2.5,21,68,3,3,4,19
1488,8.2,2.8,5.8,26,73,4,10,7,40
1489,6.3,6.2,3.6,63,60,3,5,1,72
1490,6.7,4.5,4.8,1,69,4,9,4,16
1491,5.4,2.1,0.7,25,65,1,8,3,58
1492,6.2,5.6,2.4,82,59,2,3,4,18
1493,5.4,4.5,2.0,68,55,2,9,1,36
1494,4.4,6.4,3.4,83,42,0,10,2,24
1495,7.6,5.9,5.2,29,88,5,3,9,1
1496,8.0,4.9,0.5,7,76,4,10,7,1
1497,7.7,3.9,0.4,37,97,3,8,6,64
1498,6.8,1.1,5.1,60,79,5,1,2,62
1499,6.3,2.1,1.3,80,83,1,4,1,36
1500,9.2,3.4,4.0,64,64,1,4,2,75
1501,7.1,4.8,3.3,66,62,1,6,7,18
1502,6.9,4.1,5.0,45,83,2,2,2,16
1503,4.2,2.3,0.8,89,98,3,7,3,17
1504,6.0,0.1,0.8,71,40,1,5,8,24
1505,6.3,4.0,3.3,42,72,1,10,7,98
1506,6.4,2.3,5.7,58,54,0,6,9,68
1507,7.5,5.9,2.5,45,56,4,6,4,99
1508,7.2,0.2,2.0,71,73,4,6,7,79
1509,7.6,4.7,3.6,34,56,4,10,1,2
1510,8.6,7.5,5.6,38,91,5,8,2,95
1511,8.9,1.4,5.0,50,97,0,10,7,73
1512,8.3,3.8,6.0,3,80,2,4,2,10
1513,9.7,0.7,0.1,79,83,5,10,6,53
1514,4.1,5.0,0.7,76,43,0,8,10,89
1515,5.2,4.4,3.7,83,52,1,9,9,51
1516,4.0,3.3,4.9,50,43,3,4,5,69
1517,7.9,4.2,1.7,4,46,5,1,10,14
1518,9.4,7.2,1.4,54,85,5,3,7,66
1519,5.5,1.6,4.7,19,98,1,1,1,82
1520,9.6,0.2,0.3,23,48,1,7,8,93
1521,4.4,6.9,2.2,35,62,3,1,9,53
1522,9.6,4.6,3.0,33,72,4,4,5,84
1523,6.1,7.1,3.4,53,72,5,1,6,64
1524,4.6,4.8,4.4,33,59,0,2,8,72
1525,6.9,6.5,2.1,82,43,2,1,4,49
1526,5.5,3.4,3.7,16,40,1,5,2,90
1527,5.7,6.0,3.5,4,93,1,7,10,62
1528,5.8,7.3,3.3,88,81,2,3,8,37
1529,8.8,4.6,3.8,17,73,0,8,2,49
1530,7.2,1.4,1.6,54,66,1,5,5,68
1531,5.9,2.2,0.5,52,60,2,5,6,33
1532,7.7,1.6,0.7,49,63,1,5,5,22
1533,8.3,2.0,1.3,71,54,4,8,6,70
1534,5.6,2.5,3.0,90,74,4,2,6,33
1535,6.5,4.4,5.0,78,64,1,2,3,28
1536,4.7,4.7,4.2,44,94,1,8,3,88
1537,5.1,3.4,4.7,12,48,4,9,9,4
1538,8.1,4.9,2.1,15,56,1,10,3,66
1539,5.1,0.7,2.4,85,60,0,10,3,77
1540,7.2,0.7,2.4,83,99,0,2,2,49
1541,8.3,1.4,1.2,12,52,3,4,7,11
1542,4.6,4.1,0.4,19,42,0,8,10,35
1543,7.4,1.7,3.5,65,43,5,2,10,39
1544,5.5,2.3,5.9,46,43,5,4,4,10
1545,9.8,3.2,1.0,18,82,5,10,1,74
1546,6.9,6.5,0.3,44,67,1,1,6,72
1547,8.8,0.1,4.7,36,46,1,2,5,69
1548,7.3,5.2,1.5,53,65,2,7,2,23
1549,4.3,5.4,5.0,5,50,5,1,6,34
1550,7.8,6.4,4.2,13,63,5,1,1,32
1551,9.7,7.5,5.7,3,82,0,2,3,16
1552,7.6,0.2,2.5,85,49,4,4,4,68
1553,8.9,1.2,4.0,54,76,4,7,3,54
1554,9.3,7.1,2.8,33,52,3,4,6,28
1555,5.4,3.7,3.8,26,100,2,5,4,60
1556,5.3,4.5,2.7,6,83,4,4,1,78
1557,7.7,5.3,1.1,2,81,3,4,5,76
1558,6.5,5.4,3.0,46,78,0,9,5,60
1559,9.0,7.5,3.2,1,58,2,6,9,85
1560,9.4,8.0,4.9,79,90,2,3,8,80
1561,6.1,5.8,4.4,24,58,5,6,8,44
1562,5.4,2.3,4.0,59,51,1,7,5,2
1563,8.7,7.0,0.7,78,91,5,7,8,23
1564,5.6,0.4,4.3,23,61,0,8,10,93
1565,8.9,1.8,3.0,14,86,5,4,7,46
1566,6.5,7.2,5.4,13,76,2,1,1,73
1567,8.0,2.0,5.5,53,95,5,6,7,54
1568,4.6,1.8,0.3,77,69,3,8,8,71
1569,7.7,1.1,4.9,5,85,5,5,3,93
1570,6.7,6.9,0.2,77,51,4,3,9,81
1571,7.5,4.0,2.2,80,68,0,4,8,9
1572,5.0,5.4,3.3,17,60,0,8,2,70
1573,8.4,1.9,0.9,19,50,2,6,6,44
1574,9.2,6.1,4.5,61,99,5,5,4,84
1575,5.3,6.1,0.1,80,76,2,9,3,74
1576,4.6,2.5,1.0,79,87,2,10,6,73
1577,4.1,3.3,3.5,39,97,3,3,10,12
1578,7.9,1.7,4.3,38,57,1,7,9,97
1579,7.6,7.8,5.5,51,83,2,9,2,32
1580,7.3,5.2,4.2,31,98,1,4,10,34
1581,5.4,7.5,4.0,72,66,1,10,10,83
1582,6.3,2.4,2.4,26,76,0,10,10,33
1583,7.6,6.3,0.0,51,87,4,3,5,64
1584,7.0,6.1,0.7,62,51,4,1,6,48
1585,9.9,5.5,3.2,73,62,5,9,4,16
1586,4.8,7.7,4.1,62,73,3,1,7,50
1587,8.2,3.1,2.5,16,100,3,2,2,23
1588,6.4,1.0,4.4,48,77,4,9,7,26
1589,6.6,5.4,3.1,80,62,5,5,2,54
1590,8.3,5.8,0.4,81,92,4,4,1,44
1591,8.2,4.6,1.2,22,64,5,9,5,37
1592,9.9,1.7,5.0,71,43,5,9,2,9
1593,4.8,4.0,4.3,12,69,5,2,8,94
1594,4.6,2.5,5.4,22,69,5,3,8,13
1595,8.3,3.4,0.7,56,52,0,3,1,60
1596,7.5,5.2,5.9,61,81,0,5,4,80
1597,5.6,6.0,1.3,53,88,4,3,9,2
1598,4.5,1.9,0.1,19,53,5,10,5,95
1599,4.5,3.2,6.0,85,95,2,6,10,60
1600,9.4,2.2,1.7,51,86,5,2,6,57
1601,5.2,1.6,4.0,22,47,2,6,3,43
1602,5.9,6.3,1.1,34,94,0,6,5,19
1603,5.4,7.3,3.5,66,63,5,2,1,11
1604,6.1,3.0,5.4,33,57,1,6,8,78
1605,4.4,6.0,1.9,32,74,4,6,6,47
1606,7.1,7.2,4.0,45,64,5,6,2,89
1607,4.4,6.8,1.1,80,56,3,5,4,63
1608,8.8,1.5,3.7,44,71,2,7,4,7
1609,5.4,7.7,2.0,18,95,5,5,9,79
1610,7.2,3.0,1.3,86,63,1,1,9,94
1611,9.3,2.7,1.9,14,46,2,9,5,31
1612,7.9,0.5,1.1,77,52,1,3,3,88
1613,7.2,3.9,5.4,65,66,4,2,1,55
1614,5.9,0.9,2.4,38,87,4,10,6,25
1615,6.0,2.0,1.5,17,44,4,6,8,72
1616,8.0,2.5,2.7,69,75,0,8,1,30
1617,10.0,6.5,1.9,58,65,1,2,1,36
1618,8.0,7.0,4.5,31,81,5,4,7,50
1619,7.3,2.4,5.8,20,84,3,2,7,14
1620,8.4,6.9,2.6,39,70,3,9,2,29
1621,6.8,6.9,5.2,26,49,4,10,3,27
1622,4.4,6.1,3.4,1,85,3,2,2,50
1623,7.4,1.2,0.9,79,65,2,10,6,36
1624,9.7,5.5,4.1,38,61,1,2,8,34
1625,5.1,7.6,3.1,85,51,1,5,8,21
1626,8.1,5.5,3.9,55,71,1,5,1,38
1627,5.2,2.7,5.3,12,66,2,7,9,75
1628,7.2,4.0,2.6,55,72,5,1,8,97
1629,4.6,5.2,5.4,65,100,0,2,9,79
1630,6.7,4.1,4.5,77,92,2,6,9,76
1631,8.5,1.0,2.9,55,91,1,2,6,88
1632,6.1,2.5,3.6,27,59,1,4,3,50
1633,8.0,6.4,2.0,63,78,1,10,1,37
1634,8.8,6.9,5.9,70,80,5,6,8,75
1635,9.6,1.1,4.0,81,79,3,7,10,19
1636,5.4,7.6,0.3,63,98,0,10,3,1
1637,6.4,2.6,2.0,55,52,2,5,7,81
1638,4.9,5.3,3.7,40,53,1,8,10,40
1639,10.0,6.0,0.3,40,83,4,6,6,55
1640,9.6,6.5,0.1,3,79,0,5,3,80
1641,7.2,7.6,2.7,56,92,4,4,6,26
1642,9.1,2.5,2.0,29,61,0,6,3,43
1643,7.1,6.9,2.6,87,57,1,6,9,59
1644,7.7,1.1,1.6,83,87,0,6,1,51
1645,4.5,5.6,1.0,45,68,0,1,8,15
1646,8.5,5.9,4.1,55,82,1,6,5,8
1647,4.8,5.4,3.1,30,55,5,1,4,94
1648,9.0,2.0,1.2,87,85,4,5,1,14
1649,8.7,7.0,1.9,6,74,5,7,9,97
1650,8.3,1.4,3.6,89,92,4,1,9,7
1651,4.2,0.4,0.4,76,73,3,1,5,18
1652,5.8,5.7,0.9,53,42,4,6,9,12
1653,5.6,3.8,0.4,7,43,4,7,10,2
1654,6.2,6.8,4.9,54,93,0,6,9,50
1655,4.5,3.1,4.5,68,44,3,5,7,93
1656,9.6,1.3,4.5,43,49,1,6,8,21
1657,7.3,6.7,4.3,12,91,1,3,1,7
1658,5.8,4.4,4.0,19,68,2,9,4,91
1659,6.4,1.5,2.9,77,71,3,5,10,12
1660,6.7,5.8,3.9,31,70,0,2,10,84
1661,7.6,4.1,0.2,59,41,2,10,4,57
1662,7.1,4.8,3.7,49,51,2,10,9,78
1663,9.5,3.7,4.7,26,66,1,7,3,74
1664,7.0,6.6,3.0,24,44,4,3,10,23
1665,10.0,6.6,2.1,51,76,0,1,10,30
1666,9.1,5.7,1.7,67,66,3,3,1,58
1667,5.3,0.8,3.9,20,62,2,9,5,95
1668,9.6,6.7,4.2,17,72,0,5,7,52
1669,4.7,5.4,5.2,38,43,1,7,4,56
1670,8.9,5.6,2.1,14,98,2,3,9,10
1671,6.3,2.9,4.6,52,60,2,4,6,19
1672,9.3,7.0,3.4,37,63,5,1,6,19
1673,9.2,5.8,5.3,47,83,1,3,3,87
1674,8.8,0.9,3.2,51,70,5,7,10,59
1675,8.7,3.3,3.1,87,83,1,4,10,44
1676,5.8,7.1,3.5,71,87,1,2,5,59
1677,4.5,0.4,4.5,27,63,5,5,10,96
1678,6.4,7.7,5.8,84,88,0,5,6,84
1679,5.0,5.4,0.4,15,92,0,2,4,4
1680,8.2,5.1,0.3,15,49,0,6,3,97
1681,6.1,2.2,5.6,34,88,4,10,5,65
1682,9.9,2.0,3.2,16,88,2,4,7,13
1683,7.8,7.5,3.7,72,89,0,1,6,67
1684,8.9,2.4,2.9,51,41,4,3,2,12
1685,4.8,6.2,0.6,81,70,2,9,1,93
1686,9.2,3.1,4.6,11,64,0,10,5,55
1687,9.5,1.1,4.5,82,43,1,7,5,61
1688,6.9,0.1,1.9,47,90,3,6,6,95
1689,7.6,4.4,1.8,21,50,0,1,3,41
1690,8.6,7.8,5.0,48,56,3,9,1,36
1691,5.0,3.0,0.4,51,83,0,9,4,2
1692,7.0,2.9,5.3,78,41,1,1,4,22
1693,6.4,2.8,1.5,0,45,3,6,10,22
1694,4.9,4.2,3.6,65,48,4,7,2,41
1695,6.2,3.5,5.6,63,44,1,2,8,95
1696,4.4,7.0,4.1,7,59,3,10,6,14
1697,4.2,4.0,2.5,85,68,3,8,3,93
1698,4.8,4.1,4.1,24,60,5,8,1,35
1699,9.8,1.1,2.1,65,48,5,6,3,50
1700,7.3,7.9,1.7,72,67,1,9,8,9
1701,9.8,2.0,6.0,72,100,1,3,4,96
1702,6.6,0.6,4.5,76,94,1,2,3,59
1703,5.9,5.3,3.9,69,47,2,2,4,56
1704,7.0,4.8,2.1,78,70,4,6,4,91
1705,6.6,3.3,0.3,50,59,0,7,2,10
1706,4.6,3.4,0.2,52,66,5,6,4,25
1707,7.8,6.3,3.3,14,47,3,3,9,45
1708,5.3,1.6,4.6,49,93,5,5,4,97
1709,7.7,6.6,3.2,70,60,0,8,1,11
1710,7.9,5.2,5.0,74,100,1,6,1,9
1711,4.9,3.4,0.2,37,67,5,2,1,7
1712,4.4,3.7,2.2,39,62,4,7,5,71
1713,8.7,2.1,1.4,65,45,4,8,6,34
1714,6.8,6.0,2.7,38,42,2,4,6,83
1715,4.3,4.1,0.4,73,44,5,1,6,20
1716,10.0,2.6,5.7,16,48,1,2,9,89
1717,4.3,4.8,1.3,6,46,3,4,1,5
1718,8.2,8.0,5.5,38,99,2,7,10,93
1719,9.9,3.5,2.6,67,43,1,2,6,55
1720,5.4,7.4,5.9,34,78,2,6,8,91
1721,4.9,2.8,3.3,50,44,5,2,8,89
1722,4.7,0.4,5.6,46,50,0,7,3,15
1723,5.8,1.6,0.0,35,100,5,2,5,48
1724,4.6,3.3,4.5,63,54,1,3,10,4
1725,8.2,1.8,5.4,88,73,3,9,4,78
1726,4.4,0.0,0.8,12,52,3,4,1,81
1727,7.1,7.3,0.6,17,93,1,5,9,21
1728,10.0,6.8,2.5,20,87,2,9,5,80
1729,8.9,5.9,5.6,64,46,4,7,2,90
1730,7.7,1.3,3.3,7,79,1,8,2,9
1731,5.8,1.0,3.2,47,45,5,3,7,66
1732,7.7,0.5,0.8,84,95,3,4,4,79
1733,7.2,5.8,0.0,42,78,0,7,1,35
1734,6.6,7.4,4.9,52,89,3,4,5,88
1735,4.8,3.4,0.5,84,69,4,2,2,51
1736,9.3,1.0,3.8,26,61,3,10,7,78
1737,6.7,4.1,5.5,18,64,4,6,9,37
1738,5.2,2.8,1.3,22,67,1,9,1,6
1739,6.2,3.0,4.0,49,93,3,2,2,82
1740,6.5,5.0,0.5,50,59,2,1,6,86
1741,9.0,5.7,3.6,42,78,5,8,8,82
1742,8.4,0.9,1.0,50,42,2,1,7,51
1743,8.6,0.3,4.4,68,44,5,1,9,66
1744,4.1,8.0,1.8,40,40,3,3,2,96
1745,6.5,1.9,2.8,71,54,3,5,9,17
1746,6.9,0.4,3.6,10,65,5,9,4,65
1747,4.1,1.5,1.0,79,42,0,10,3,9
1748,5.6,0.3,4.4,87,79,3,2,7,13
1749,8.6,3.1,1.8,84,96,0,1,5,100
1750,4.8,6.4,4.0,51,80,0,1,5,58
1751,7.2,2.7,0.9,22,86,5,8,2,30
1752,5.3,3.6,4.1,48,81,0,10,6,31
1753,4.1,5.4,0.8,37,73,0,10,6,23
1754,5.4,4.1,2.6,46,91,1,10,4,63
1755,9.9,6.9,1.5,71,44,2,2,5,28
1756,8.8,6.9,4.5,6,70,0,9,7,59
1757,9.8,0.1,1.6,65,90,2,9,8,10
1758,6.9,6.2,5.3,76,52,0,2,6,89
1759,4.7,3.7,5.4,61,82,2,3,5,100
1760,7.3,7.9,1.2,86,40,3,2,3,90
1761,6.7,3.9,3.7,28,61,3,6,7,26
1762,9.1,7.9,0.5,37,54,2,7,8,77
1763,4.6,6.0,2.3,83,65,0,6,3,17
1764,6.9,2.0,4.3,32,57,1,3,5,40
1765,4.9,4.3,4.0,28,87,2,3,2,68
1766,5.9,7.9,3.7,78,48,4,2,10,23
1767,8.4,6.9,1.7,22,40,1,2,10,35
1768,6.9,0.8,2.3,2,82,4,5,4,75
1769,6.3,5.7,0.6,44,48,2,8,4,76
1770,6.4,2.8,4.3,7,62,0,6,8,9
1771,6.8,0.1,3.0,85,82,4,9,3,79
1772,8.7,3.2,4.3,28,84,2,5,5,45
1773,9.4,1.9,1.5,1,97,1,10,5,37
1774,9.7,6.6,1.9,49,41,0,4,2,69
1775,8.7,2.7,2.0,64,53,4,9,9,19
1776,5.9,6.6,0.2,19,77,2,10,4,75
1777,8.1,0.0,2.0,51,79,0,5,9,73
1778,6.6,2.5,4.8,84,57,0,1,9,99
1779,5.5,1.9,5.4,36,55,3,5,2,27
1780,9.0,1.9,3.1,71,92,0,5,9,13
1781,4.2,0.5,2.7,26,68,2,5,9,57
1782,9.4,1.5,0.2,46,83,1,2,2,60
1783,6.8,4.4,5.3,5,50,5,6,6,12
1784,7.8,2.3,0.1,59,45,3,5,9,9
1785,8.0,3.3,5.7,44,42,2,2,4,92
1786,9.4,3.0,2.9,43,53,2,10,2,77
1787,7.8,7.0,2.1,82,99,2,8,7,84
1788,7.7,7.2,5.5,17,41,4,6,9,77
1789,4.4,3.9,0.1,64,71,4,10,6,27
1790,7.1,2.6,3.5,24,70,1,3,4,90
1791,4.9,0.9,3.3,26,50,2,9,1,63
1792,8.4,7.6,1.3,6,61,4,4,4,93
1793,7.1,0.5,2.6,43,42,4,3,3,29
1794,8.1,2.4,3.9,28,89,4,7,7,22
1795,4.3,2.4,4.4,43,70,1,8,10,73
1796,4.5,2.6,0.0,35,72,1,7,5,88
1797,8.3,1.3,5.6,18,63,2,1,3,19
1798,4.4,6.3,1.0,5,40,3,1,2,38
1799,4.4,1.0,1.4,24,83,2,5,2,95
1800,4.1,5.1,1.6,30,54,4,8,5,39
1801,9.7,1.0,0.2,8,76,5,10,8,15
1802,8.4,0.6,0.7,83,66,4,3,8,54
1803,6.1,7.3,5.9,73,77,0,8,5,32
1804,5.8,1.5,1.9,36,87,5,3,2,46
1805,6.1,6.6,0.7,26,66,5,4,4,61
1806,8.6,4.4,0.6,12,83,2,10,7,93
1807,8.0,0.6,4.3,40,51,4,7,6,52
1808,5.1,7.6,5.1,65,42,4,3,10,34
1809,5.0,2.0,1.5,84,69,3,4,7,73
1810,4.6,6.9,0.1,23,71,0,8,5,35
1811,8.0,1.4,1.3,43,62,2,4,2,70
1812,8.6,6.8,0.3,59,41,1,9,8,37
1813,5.6,0.1,0.6,8,46,2,4,2,78
1814,4.1,4.1,2.6,1,73,5,4,8,61
1815,4.5,6.2,1.4,55,71,2,5,7,49
1816,9.8,7.5,3.1,29,92,3,1,3,9
1817,5.8,7.3,1.5,21,78,2,7,4,19
1818,8.6,6.6,5.6,74,71,3,9,7,87
1819,7.7,7.1,5.4,80,82,5,9,4,28
1820,6.3,1.6,3.4,12,82,3,1,9,80
1821,5.2,2.3,2.1,70,53,4,6,7,26
1822,4.7,2.3,2.3,15,42,1,3,1,38
1823,7.7,3.0,2.5,44,85,5,4,1,40
1824,8.6,3.1,4.4,64,71,3,8,4,25
1825,7.9,4.4,2.7,10,82,0,4,9,99
1826,7.2,1.3,5.1,69,75,5,8,4,69
1827,4.3,5.5,5.7,19,56,0,4,5,71
1828,9.8,1.3,2.0,62,87,1,9,1,23
1829,8.8,2.5,3.4,89,42,3,6,2,89
1830,5.8,4.0,0.6,11,96,5,1,4,65
1831,9.9,6.4,1.2,61,49,5,10,4,22
1832,7.6,5.9,2.5,90,92,1,2,10,64
1833,7.5,5.2,1.2,41,86,4,7,6,68
1834,8.5,1.2,5.3,82,79,0,10,6,58
1835,8.9,4.4,0.9,68,57,5,7,8,28
1836,7.9,0.7,2.7,57,42,2,3,9,78
1837,4.8,3.0,3.6,4,78,0,1,1,97
1838,6.0,3.3,4.2,26,49,3,8,1,68
1839,9.6,0.3,2.3,27,91,1,10,6,75
1840,5.3,2.2,5.2,25,48,0,10,4,96
1841,6.2,7.6,3.4,90,85,2,7,4,4
1842,6.6,7.6,2.6,48,94,2,10,1,1
1843,6.6,2.8,0.4,20,85,1,8,9,26
1844,7.7,0.3,2.8,0,50,1,1,3,33
1845,9.7,1.4,4.9,57,99,0,3,5,81
1846,5.4,3.1,3.7,78,72,3,2,10,27
1847,4.7,7.6,5.0,54,75,4,1,1,42
1848,5.2,1.1,3.0,80,65,2,5,8,69
1849,9.3,6.1,0.7,25,66,1,3,3,71
1850,7.9,0.9,0.1,83,77,4,10,1,64
1851,5.7,7.9,1.8,24,61,4,8,10,25
1852,8.9,3.1,4.2,76,65,4,6,6,72
1853,9.2,6.2,4.7,32,61,3,10,1,98
1854,9.1,2.7,1.8,88,44,1,9,3,4
1855,9.5,5.0,3.0,71,74,2,9,5,12
1856,5.5,1.5,2.5,68,41,1,6,4,58
1857,8.5,1.2,2.5,5,74,0,2,7,95
1858,6.8,7.5,1.4,22,48,2,9,6,11
1859,9.1,7.3,0.8,29,90,1,2,3,59
1860,8.4,7.1,1.2,77,90,2,3,8,36
1861,8.7,5.0,0.3,53,88,0,6,8,22
1862,7.9,6.5,1.2,86,57,5,2,2,65
1863,5.1,0.6,0.1,10,82,2,5,7,50
1864,7.3,2.7,3.8,30,51,5,2,1,4
1865,9.9,2.5,1.9,5,42,4,4,2,100
1866,9.6,5.1,5.8,10,57,3,3,8,72
1867,4.3,2.8,1.2,76,95,0,5,1,89
1868,5.0,1.2,2.1,11,77,2,6,2,92
1869,4.8,4.8,2.1,65,46,0,7,1,52
1870,8.4,6.5,0.1,52,72,4,10,5,100
1871,8.9,3.1,5.0,35,45,5,8,7,100
1872,5.3,1.1,0.2,16,57,3,9,6,43
1873,7.0,1.6,5.6,27,84,0,4,6,46
1874,9.0,1.9,5.4,21,61,5,4,6,4
1875,8.4,2.4,3.2,6,90,4,7,8,13
1876,7.3,5.1,3.3,14,78,4,10,5,38
1877,7.5,4.8,3.9,10,90,4,10,10,45
1878,7.1,5.6,2.3,23,48,5,9,7,25
1879,5.8,2.9,3.9,66,74,2,2,3,67
1880,7.4,6.6,0.3,29,62,1,6,9,55
1881,8.1,1.6,0.3,69,51,0,10,10,96
1882,9.2,3.8,2.7,65,91,1,10,3,39
1883,7.8,6.4,3.3,60,63,4,8,6,65
1884,8.6,1.4,5.3,77,89,1,5,3,75
1885,5.0,0.9,0.6,40,79,5,5,1,2
1886,6.8,7.1,4.9,81,48,4,8,1,69
1887,4.1,2.7,1.3,50,52,4,1,3,86
1888,5.5,5.5,2.4,43,79,3,6,4,62
1889,8.4,0.2,1.9,12,93,3,10,2,46
1890,10.0,5.5,2.4,89,81,5,9,9,77
1891,4.6,2.5,0.9,11,56,5,6,8,87
1892,6.4,0.4,3.0,81,46,1,7,3,31
1893,8.8,4.9,4.8,8,56,0,4,7,99
1894,5.2,1.9,2.6,84,94,1,10,4,35
1895,7.3,3.1,2.9,47,89,5,1,5,45
1896,8.4,0.6,5.1,48,63,0,9,4,77
1897,7.7,1.2,4.2,52,41,1,6,9,54
1898,5.1,2.4,2.9,55,74,2,3,7,71
1899,6.1,0.7,1.5,39,100,2,4,4,69
1900,8.7,7.3,5.3,23,67,0,10,8,29
1901,7.3,0.0,3.5,71,58,3,6,2,72
1902,4.0,3.9,1.3,32,72,0,6,7,8
1903,8.6,1.0,1.6,22,60,1,9,1,54
1904,4.2,2.5,4.8,76,92,4,4,8,7
1905,8.5,7.4,0.3,53,49,2,5,6,83
1906,5.2,1.3,6.0,52,92,4,5,5,23
1907,9.7,7.7,0.8,48,85,2,3,9,100
1908,6.2,1.6,4.8,77,84,1,2,9,32
1909,6.0,5.9,2.4,77,48,2,8,3,62
1910,4.9,4.4,3.0,79,77,0,10,9,45
1911,5.8,7.1,5.3,48,45,4,9,9,68
1912,9.3,4.4,2.5,59,90,5,10,2,30
1913,10.0,4.3,3.2,89,92,4,9,5,39
1914,6.2,1.6,0.3,89,81,1,5,2,5
1915,6.7,1.3,0.0,64,94,5,9,1,67
1916,8.3,7.3,1.5,31,74,4,4,7,22
1917,9.3,2.6,4.1,78,57,1,2,4,28
1918,7.6,3.0,0.7,20,92,3,3,5,22
1919,6.3,6.1,0.7,17,58,0,1,4,86
1920,6.5,2.7,2.5,59,44,2,5,6,98
1921,8.2,7.6,3.9,12,64,2,1,2,29
1922,4.0,5.9,4.3,23,50,2,1,8,43
1923,7.7,4.8,1.1,29,49,3,7,4,42
1924,6.1,7.0,0.5,1,56,0,2,8,60
1925,8.8,0.4,5.6,82,75,4,8,3,77
1926,4.6,2.1,1.6,24,65,4,6,5,71
1927,7.5,3.7,5.1,49,70,0,4,3,74
1928,6.9,1.8,5.2,13,71,5,9,7,92
1929,7.9,6.0,4.6,5,60,0,10,3,68
1930,4.4,7.4,1.0,75,57,2,8,8,59
1931,7.5,3.4,4.9,83,99,4,10,9,96
1932,7.4,2.7,4.6,86,57,0,3,2,86
1933,7.4,7.7,3.6,29,40,4,3,3,84
1934,7.6,3.6,2.0,29,53,0,4,7,84
1935,8.1,3.9,1.6,37,47,1,9,5,6
1936,8.8,2.8,0.7,57,41,2,9,10,73
1937,5.6,7.3,3.1,40,90,0,5,7,28
1938,9.0,4.6,3.5,56,54,3,9,2,77
1939,7.0,6.1,2.2,35,99,0,6,4,31
1940,4.5,6.5,2.9,63,73,1,8,1,39
1941,4.4,2.7,2.2,15,75,3,8,5,50
1942,6.0,3.5,3.8,87,40,3,10,8,78
1943,8.7,6.8,5.4,77,90,0,7,1,86
1944,8.2,2.9,1.0,89,60,1,4,7,37
1945,8.7,6.4,2.3,71,81,3,4,7,88
1946,7.1,7.5,0.8,13,40,2,6,7,72
1947,6.6,5.0,3.7,30,71,5,9,1,15
1948,4.9,5.9,4.4,65,59,2,7,3,51
1949,6.0,6.4,5.6,67,93,4,5,2,70
1950,6.6,6.8,1.7,64,86,4,5,5,23
1951,4.5,3.2,5.7,54,75,1,8,2,25
1952,5.3,0.4,0.4,83,78,3,6,5,95
1953,7.6,3.2,3.6,77,69,2,1,5,46
1954,8.4,5.4,0.3,39,46,2,1,4,93
1955,10.0,3.6,5.4,24,61,5,9,7,23
1956,9.6,6.0,3.2,24,96,1,8,10,10
1957,7.9,2.9,4.0,2,89,3,6,6,73
1958,6.5,5.1,5.0,68,84,1,1,2,77
1959,7.8,1.5,0.9,25,49,0,2,4,32
1960,8.7,6.0,0.2,39,95,2,10,7,51
1961,4.7,4.4,5.3,37,47,1,3,9,41
1962,6.5,1.6,1.9,37,66,1,10,9,65
1963,9.0,2.3,0.8,67,49,5,3,3,65
1964,6.3,6.0,2.8,6,53,0,2,1,40
1965,7.4,3.9,3.6,29,85,4,2,9,18
1966,7.5,1.7,0.2,18,98,2,6,8,36
1967,5.1,7.7,1.6,34,91,5,7,7,31
1968,6.2,5.7,0.2,32,93,1,4,6,54
1969,6.0,7.7,2.5,32,50,2,1,10,63
1970,4.2,3.4,5.4,77,45,4,6,7,1
1971,4.1,3.8,5.9,37,60,1,7,9,52
1972,9.0,7.2,3.8,9,72,0,4,6,100
1973,5.6,4.2,1.0,56,58,2,6,10,57
1974,7.1,5.7,5.4,27,78,5,9,3,9
1975,5.8,2.0,3.1,77,63,0,4,3,86
1976,9.6,3.6,0.9,37,57,4,10,4,92
1977,5.6,1.0,5.5,15,74,4,4,10,90
1978,6.6,1.6,4.5,20,91,2,10,10,74
1979,9.2,0.0,4.4,5,82,4,5,8,56
1980,9.1,0.3,4.3,40,76,3,3,10,47
1981,5.1,7.8,1.2,14,58,5,10,9,3
1982,8.8,1.9,1.3,2,92,2,2,8,2
1983,6.7,5.3,4.1,42,63,3,9,10,54
1984,6.9,6.7,1.3,46,95,4,1,2,37
1985,4.8,4.4,2.6,13,73,2,5,4,56
1986,4.5,1.2,4.7,65,61,3,5,4,31
1987,8.4,5.8,4.7,28,43,4,8,2,97
1988,7.0,4.8,2.7,3,96,1,6,8,96
1989,6.6,5.9,4.8,25,49,1,6,3,12
1990,8.4,6.2,5.0,11,41,0,6,2,58
1991,8.6,7.8,3.9,1,47,1,4,7,67
1992,5.0,4.6,1.4,16,72,3,1,1,26
1993,7.7,2.7,1.6,34,98,5,3,6,78
1994,4.8,5.2,1.9,9,77,1,10,3,12
1995,8.5,0.5,0.7,85,82,2,6,3,90
1996,7.9,7.2,1.6,42,98,2,5,5,16
1997,9.7,1.0,1.3,20,67,2,10,3,53
1998,4.4,2.6,2.7,14,49,1,1,4,72
1999,4.3,6.5,5.5,34,84,1,5,3,49
2000,5.7,4.8,0.6,84,40,0,2,7,49
2001,5.6,3.1,4.3,84,73,5,1,3,92
2002,5.5,3.8,4.1,84,42,5,4,10,7
2003,9.4,6.8,0.6,59,48,4,6,4,15
2004,5.5,2.7,5.5,43,44,0,7,2,36
2005,5.6,7.0,3.4,4,81,3,9,2,72
2006,8.6,0.7,2.2,72,49,2,5,9,74
2007,6.7,6.2,4.5,17,51,1,8,1,15
2008,8.7,6.8,1.5,20,57,4,8,1,62
2009,4.4,1.5,4.2,71,97,4,9,10,18
2010,6.9,3.4,0.2,73,60,1,3,1,46
2011,4.2,1.3,5.0,50,60,0,3,3,61
2012,4.4,5.7,2.7,40,40,4,9,2,43
2013,9.4,4.3,3.8,23,42,5,7,3,44
2014,4.8,5.1,1.3,23,44,0,4,5,99
2015,7.2,1.6,4.1,37,64,1,1,9,66
2016,6.5,1.7,4.6,43,97,0,7,2,55
2017,6.1,0.3,2.8,56,88,5,10,1,86
2018,9.4,2.6,3.7,58,47,2,6,6,79
2019,4.1,4.5,2.7,33,56,1,3,3,39
2020,8.0,6.9,5.4,74,48,5,5,7,100
2021,9.8,5.3,3.0,81,71,1,3,6,5
2022,7.4,3.5,5.1,22,45,5,8,7,57
2023,9.6,7.6,4.8,85,88,5,5,5,15
2024,4.3,5.8,2.5,42,79,4,10,1,91
2025,6.5,7.4,1.4,81,60,4,10,3,16
2026,5.6,4.2,2.4,39,46,4,6,3,57
2027,8.4,2.1,5.0,46,46,2,2,7,100
2028,9.9,0.4,1.4,40,86,2,8,3,82
2029,5.5,5.8,3.1,46,78,5,9,5,99
2030,7.9,1.0,4.8,19,93,3,3,4,25
2031,5.2,2.4,2.1,76,66,1,6,4,22
2032,7.4,4.3,3.9,64,47,4,6,7,31
2033,6.8,4.5,1.5,67,48,1,2,1,34
2034,9.8,4.8,0.7,23,67,5,10,7,87
2035,7.7,1.3,4.8,35,54,0,8,8,16
2036,6.1,3.0,0.6,44,41,5,5,3,70
2037,4.7,4.9,1.6,1,46,2,8,3,59
2038,4.9,7.8,5.1,27,86,3,8,4,15
2039,5.4,5.8,2.1,25,57,0,3,6,82
2040,5.5,7.4,5.8,22,61,1,5,7,13
2041,9.1,6.1,5.9,78,89,2,7,1,24
2042,7.4,4.7,1.6,35,49,4,5,4,13
2043,7.1,1.5,0.2,90,93,0,6,7,65
2044,4.7,5.3,4.2,5,89,2,2,2,36
2045,9.2,5.0,2.7,34,72,1,8,1,49
2046,8.3,4.8,0.6,37,46,5,5,1,82
2047,4.4,3.9,4.2,34,42,1,6,10,48
2048,8.2,4.2,0.2,73,53,0,1,6,97
2049,7.3,2.7,5.2,52,83,0,10,5,43
2050,4.5,4.2,0.8,37,85,5,2,1,6
2051,6.7,1.6,0.8,58,100,0,4,10,81
2052,6.9,6.4,1.1,42,75,3,9,3,68
2053,5.0,1.5,5.8,3,52,4,6,7,14
2054,9.7,0.7,4.2,4,55,2,8,9,30
2055,9.1,3.5,4.8,67,55,5,2,9,84
2056,8.0,5.3,2.4,44,93,1,10,6,8
2057,6.8,3.5,2.0,79,44,1,5,3,54
2058,6.5,2.2,1.4,24,91,4,1,1,66
2059,7.9,4.5,2.9,77,64,0,4,3,4
2060,7.3,2.8,3.3,10,77,0,10,10,74
2061,4.4,7.5,3.8,28,77,1,1,2,84
2062,7.1,7.4,1.5,33,89,4,9,5,60
2063,8.8,4.0,5.7,85,77,1,2,8,53
2064,6.8,2.6,1.0,13,78,0,7,5,99
2065,4.3,5.9,5.8,23,95,5,3,1,74
2066,8.7,0.3,0.1,58,95,2,2,3,92
2067,5.2,3.8,2.9,38,87,0,4,5,15
2068,5.6,2.7,2.0,25,80,5,7,7,100
2069,5.0,7.4,2.7,42,65,2,7,5,1
2070,6.0,0.1,3.4,35,98,3,9,10,22
2071,8.5,4.4,2.6,38,52,4,3,5,91
2072,7.1,5.9,2.5,60,83,5,7,7,93
2073,5.2,3.9,4.4,15,90,3,6,8,15
2074,9.3,0.7,4.1,58,65,0,10,8,74
2075,9.3,7.8,5.0,5,94,4,7,7,84
2076,9.2,4.1,1.5,55,94,5,7,3,22
2077,5.4,4.9,3.7,7,40,0,10,2,50
2078,6.7,1.9,3.5,26,47,4,5,1,48
2079,9.9,3.9,2.2,70,43,4,9,6,73
2080,8.6,3.4,2.9,26,60,0,7,9,51
2081,4.2,0.6,1.9,88,61,0,7,3,96
2082,4.4,0.8,0.9,45,90,5,3,5,17
2083,6.8,6.7,1.3,40,92,4,1,9,83
2084,9.5,1.9,0.6,78,97,5,5,9,91
2085,7.2,1.6,4.1,24,76,4,8,7,51
2086,7.0,4.0,4.0,85,88,5,5,4,37
2087,4.6,6.1,5.7,17,42,0,10,2,98
2088,7.9,0.5,4.4,11,58,0,3,2,49
2089,8.9,4.6,0.3,86,40,1,9,4,59
2090,6.3,1.0,5.3,50,68,5,2,1,10
2091,8.7,0.3,5.2,38,62,1,3,4,30
2092,9.8,0.4,2.7,88,72,1,4,6,85
2093,5.2,6.7,3.5,9,94,3,10,6,21
2094,7.1,0.9,5.9,73,91,4,1,7,34
2095,5.7,0.4,3.2,76,80,2,4,5,73
2096,8.8,3.5,5.4,53,62,3,4,9,98
2097,7.5,6.8,0.5,28,44,4,9,2,50
2098,7.8,2.1,1.1,40,46,2,8,2,76
2099,8.8,3.4,2.6,8,96,1,2,4,47
2100,6.4,0.3,3.5,62,97,2,7,4,85
2101,9.5,3.6,4.9,76,45,0,6,4,84
2102,7.2,4.6,5.9,36,88,0,7,1,6
2103,4.9,4.6,2.3,13,61,5,4,4,50
2104,8.2,2.7,0.3,72,88,4,5,5,100
2105,8.8,2.5,4.8,71,52,3,6,9,63
2106,5.9,0.9,3.6,38,51,1,9,3,12
2107,9.1,2.9,1.2,39,43,4,2,3,41
2108,9.4,0.8,3.0,53,47,1,9,5,31
2109,5.7,6.1,4.5,2,76,0,10,10,2
2110,9.9,7.7,4.6,54,70,3,1,6,16
2111,4.8,7.8,3.0,32,76,3,4,3,1
2112,5.2,6.9,1.8,70,84,0,5,1,4
2113,5.1,4.8,5.8,18,65,2,9,10,47
2114,9.4,5.6,4.0,33,82,3,6,8,65
2115,7.9,2.3,2.4,77,47,2,4,1,52
2116,4.9,5.0,1.7,49,79,1,2,2,47
2117,6.6,3.6,4.4,46,72,3,5,3,99
2118,7.7,3.9,1.5,45,84,5,8,6,77
2119,4.5,6.1,1.0,55,68,0,8,4,50
2120,9.3,2.3,3.2,56,44,2,6,4,45
2121,8.8,2.5,1.7,82,67,5,1,9,42
2122,7.0,7.4,3.8,50,92,1,8,6,95
2123,9.8,0.4,0.7,53,79,1,4,2,84
2124,6.5,3.9,3.9,89,56,3,2,7,56
2125,9.9,7.3,1.7,80,94,3,1,3,71
2126,8.0,4.9,0.0,27,62,5,7,9,57
2127,7.8,4.4,0.8,18,84,4,2,6,33
2128,5.0,2.0,5.6,26,48,4,4,8,28
2129,9.3,2.7,5.2,47,41,3,4,1,44
2130,6.6,6.8,1.4,18,71,4,10,2,56
2131,5.0,4.5,4.7,50,90,0,1,6,44
2132,4.1,4.1,3.7,6,91,5,2,3,84
2133,7.4,0.8,5.8,28,88,0,1,1,96
2134,7.2,0.1,2.2,42,70,4,6,6,73
2135,8.3,7.7,4.1,68,46,3,3,5,34
2136,9.3,3.0,0.4,57,69,0,1,9,14
2137,4.5,4.8,2.4,7,97,1,8,6,68
2138,8.4,0.6,5.8,41,42,3,4,5,29
2139,5.1,5.5,3.2,75,90,5,10,1,79
2140,9.1,7.5,1.7,41,90,2,7,1,17
2141,8.9,4.6,0.7,12,95,2,10,1,83
2142,7.2,1.0,4.2,25,48,3,2,7,9
2143,8.3,4.7,3.9,17,49,4,6,6,27
2144,5.9,6.1,2.2,41,100,0,6,5,49
2145,6.8,3.3,5.7,50,85,0,7,4,79
2146,8.9,7.0,0.1,83,89,3,1,8,37
2147,6.8,5.2,1.8,15,97,1,1,8,28
2148,6.1,7.2,5.5,2,86,5,2,5,50
2149,7.0,5.0,1.9,90,65,4,2,4,55
2150,9.0,1.1,1.5,78,40,1,5,2,4
2151,6.0,2.5,3.2,44,69,3,1,7,85
2152,5.0,1.6,4.9,21,96,3,2,5,98
2153,8.3,7.3,0.6,22,77,1,6,3,19
2154,9.0,6.1,5.7,58,54,2,3,9,37
2155,4.6,5.4,4.8,61,64,3,4,9,4
2156,5.4,2.4,1.1,67,45,5,1,10,37
2157,4.9,1.5,4.3,53,57,4,5,8,51
2158,6.1,6.1,2.3,56,40,1,4,1,32
2159,6.7,3.8,2.4,22,95,2,8,3,45
2160,8.5,1.8,4.7,59,42,1,3,2,12
2161,7.9,4.9,5.8,72,56,2,10,4,41
2162,7.7,0.3,0.8,87,87,2,1,2,56
2163,6.1,2.6,2.5,84,47,5,10,8,80
2164,9.0,3.7,2.9,54,99,4,5,1,14
2165,6.8,1.2,2.3,79,88,3,1,4,54
2166,9.9,7.9,2.2,62,79,2,5,5,63
2167,7.8,1.7,0.3,55,56,3,9,10,65
2168,4.8,1.0,4.1,54,64,4,5,4,58
2169,8.1,1.6,2.6,24,80,3,2,8,96
2170,6.0,6.2,1.2,25,51,5,2,2,21
2171,8.1,3.4,4.9,48,68,5,10,9,4
2172,4.4,4.5,4.8,62,64,0,9,2,73
2173,5.0,0.2,2.9,44,90,5,5,2,46
2174,9.1,0.3,1.8,72,75,2,8,2,86
2175,5.4,3.6,3.8,78,92,4,10,10,12
2176,9.0,6.5,1.7,38,93,5,4,8,30
2177,5.7,7.1,1.4,64,64,1,2,3,94
2178,7.9,0.7,4.4,68,68,4,4,10,96
2179,8.2,4.3,0.2,55,50,2,4,10,60
2180,7.1,7.3,0.6,8,99,4,9,8,100
2181,5.8,3.1,0.0,69,43,5,10,7,71
2182,5.3,6.6,0.9,27,53,1,6,10,81
2183,4.2,1.1,0.4,44,85,0,10,4,65
2184,5.8,7.5,6.0,25,77,2,6,7,14
2185,7.9,6.0,1.7,27,100,2,5,8,44
2186,9.6,7.5,0.9,39,56,4,6,6,26
2187,9.2,5.4,1.4,14,41,3,1,6,91
2188,8.6,2.9,5.6,5,47,3,5,3,16
2189,8.7,7.5,3.1,26,75,1,6,5,7
2190,8.0,2.2,2.2,37,49,0,8,10,32
2191,5.6,2.7,5.2,67,46,0,4,2,89
2192,9.4,5.6,2.4,74,75,4,5,5,95
2193,8.0,6.1,2.0,84,55,4,4,5,16
2194,7.4,7.4,1.2,63,53,3,7,7,78
2195,4.7,1.6,2.3,29,55,5,10,4,89
2196,6.7,6.4,1.9,81,64,0,6,6,62
2197,6.8,5.9,4.1,2,80,5,4,9,30
2198,9.2,0.5,1.7,61,43,0,6,4,71
2199,7.3,3.1,3.5,11,68,5,4,6,12
2200,6.3,2.3,0.4,90,95,5,8,9,67
2201,9.9,2.4,1.1,29,45,0,3,10,91
2202,4.7,7.9,2.4,84,40,1,8,1,46
2203,6.5,5.1,5.6,37,78,1,2,8,83
2204,4.3,5.7,2.3,84,40,4,6,1,43
2205,8.4,7.8,4.0,59,90,5,8,4,55
2206,9.5,3.0,1.5,37,79,5,1,3,45
2207,5.7,6.4,0.8,14,96,5,6,4,60
2208,9.2,3.5,0.4,17,42,5,9,7,71
2209,5.8,7.0,1.8,51,40,5,10,9,80
2210,9.5,1.4,0.9,28,40,3,10,9,32
2211,8.5,7.6,1.0,59,78,2,2,10,8
2212,8.8,1.8,4.6,20,60,5,1,1,77
2213,4.1,2.6,0.1,16,84,3,2,10,62
2214,9.8,6.0,3.3,17,69,1,5,1,75
2215,8.4,3.2,2.3,56,71,5,6,9,20
2216,5.8,4.9,3.0,36,72,1,1,4,18
2217,9.0,3.6,3.4,59,87,4,7,3,6
2218,5.7,5.9,1.9,37,61,2,4,9,84
2219,9.2,1.8,1.8,11,69,0,9,5,96
2220,4.7,0.5,4.4,74,93,2,6,6,29
2221,8.2,2.4,5.2,83,85,5,9,1,4
2222,7.2,3.8,1.2,72,43,5,1,1,71
2223,4.6,1.3,0.6,0,62,2,4,7,43
2224,5.5,2.8,5.4,57,94,2,2,10,84
2225,4.1,3.2,2.1,2,83,4,6,8,34
2226,6.8,0.5,3.3,62,64,1,4,8,100
2227,5.8,4.7,2.2,20,51,0,9,7,71
2228,7.6,7.1,0.8,22,56,2,3,9,33
2229,5.8,1.2,3.5,8,92,0,1,1,15
2230,5.8,4.8,3.2,82,54,2,1,2,96
2231,8.5,5.3,1.2,54,49,1,9,3,86
2232,4.3,3.4,2.7,18,74,0,9,5,40
2233,9.4,5.6,4.8,61,94,3,5,4,93
2234,9.1,3.3,3.5,86,91,1,2,4,89
2235,8.0,4.0,0.6,90,91,0,9,8,5
2236,7.6,0.1,3.3,90,68,2,8,8,78
2237,9.4,5.5,4.2,38,51,2,10,7,50
2238,5.1,5.3,4.8,75,40,1,10,1,99
2239,4.5,0.3,3.8,26,40,1,6,10,66
2240,5.4,2.9,0.9,45,49,2,7,4,89
2241,8.8,7.8,4.3,33,57,0,6,1,54
2242,4.2,3.4,4.1,32,86,3,5,5,80
2243,7.5,4.0,0.1,49,41,4,4,3,46
2244,10.0,7.3,2.5,19,88,1,7,3,80
2245,9.1,5.7,2.0,39,47,2,4,4,11
2246,7.1,4.7,4.0,57,61,0,10,2,49
2247,4.4,6.4,1.3,30,61,1,10,7,99
2248,9.0,6.9,3.5,37,65,0,10,4,23
2249,7.6,3.7,5.5,85,65,1,9,5,55
2250,4.7,3.8,4.8,44,48,2,5,2,5
2251,4.6,3.1,5.5,40,60,0,8,6,64
2252,9.5,7.7,5.9,8,70,2,6,9,35
2253,8.0,5.6,0.1,8,91,0,4,8,93
2254,9.0,0.7,3.7,62,82,1,3,8,69
2255,9.3,6.9,2.5,78,45,4,6,2,54
2256,7.4,3.8,5.2,76,95,4,1,4,3
2257,7.1,0.6,1.5,21,53,3,2,8,6
2258,6.6,4.4,5.9,15,72,3,7,1,87
2259,5.9,3.3,3.7,31,46,5,4,8,56
2260,6.6,7.0,4.8,65,63,2,5,3,2
2261,8.6,1.6,0.5,89,48,0,10,8,82
2262,7.6,6.6,1.1,13,50,3,1,6,94
2263,9.4,4.5,4.6,37,95,1,2,7,38
2264,6.7,0.4,0.1,7,62,4,4,2,56
2265,7.6,7.8,4.9,20,87,0,8,1,5
2266,7.8,4.1,0.1,55,90,5,10,6,46
2267,7.6,2.3,3.9,45,41,4,4,3,11
2268,8.2,3.8,2.2,42,54,0,3,4,65
2269,5.4,6.9,3.7,45,74,3,3,9,10
2270,7.1,2.4,4.2,47,75,3,5,3,41
2271,4.6,1.5,2.1,69,91,2,3,2,44
2272,6.3,1.0,0.6,83,93,5,8,2,90
2273,6.9,2.4,0.4,30,67,0,5,2,33
2274,7.9,6.2,3.5,32,78,5,7,6,91
2275,9.7,3.8,3.1,43,83,1,8,2,56
2276,7.6,1.8,4.5,70,43,5,5,7,12
2277,8.5,1.3,3.1,7,49,3,8,7,2
2278,7.0,2.7,2.5,72,45,2,3,7,1
2279,7.8,7.5,2.4,1,96,3,7,2,65
2280,4.4,2.7,0.2,16,69,4,8,7,33
2281,5.5,7.9,2.0,51,93,3,7,10,86
2282,6.2,3.9,5.9,44,85,0,2,8,76
2283,6.8,1.4,5.2,36,74,2,8,8,36
2284,4.3,7.1,2.0,41,88,0,6,2,21
2285,4.8,3.7,3.5,43,82,1,10,5,84
2286,5.7,5.7,5.1,80,49,1,3,6,36
2287,9.8,7.9,2.6,37,97,3,4,9,26
2288,6.0,0.4,0.1,5,100,2,7,6,47
2289,6.9,0.8,0.4,67,92,5,3,10,95
2290,5.2,5.8,3.1,50,71,2,1,6,1
2291,7.7,2.3,5.8,34,81,2,6,10,38
2292,5.7,1.5,4.2,57,81,2,3,10,14
2293,5.2,0.3,0.4,56,42,3,10,6,90
2294,7.1,0.2,1.1,72,95,0,6,9,46
2295,4.0,6.2,4.6,5,65,3,10,10,42
2296,4.0,1.1,5.0,12,54,5,3,7,7
2297,5.3,3.7,3.7,58,56,0,6,1,55
2298,4.2,4.8,3.9,85,66,5,4,1,56
2299,4.6,3.4,0.2,29,57,4,4,4,76
2300,6.0,0.2,5.0,1,90,4,10,2,63
2301,8.8,6.3,4.7,57,58,0,10,3,24
2302,7.4,0.1,1.6,35,51,3,2,7,83
2303,7.1,6.1,4.3,71,63,5,4,7,73
2304,5.8,7.1,1.3,44,44,5,4,3,99
2305,9.6,3.5,0.2,8,63,1,7,2,4
2306,6.4,4.3,1.2,64,66,5,5,1,42
2307,4.5,3.8,1.1,76,87,3,8,9,96
2308,7.7,3.1,2.0,49,69,1,7,10,70
2309,4.7,7.1,2.5,78,54,3,10,3,28
2310,6.1,7.2,3.1,31,86,2,9,9,92
2311,7.0,2.7,2.9,42,98,5,8,4,40
2312,9.2,4.9,1.6,77,77,2,9,10,51
2313,7.0,7.4,0.2,53,83,4,1,6,29
2314,8.2,7.7,3.6,46,73,4,10,7,42
2315,10.0,4.1,2.4,13,66,0,3,10,69
2316,4.8,3.6,1.8,47,59,5,5,6,5
2317,5.6,2.2,5.2,54,80,1,9,1,41
2318,6.4,7.7,4.5,28,71,2,8,6,61
2319,6.5,1.1,5.1,46,43,3,10,6,55
2320,6.5,4.6,3.0,62,44,5,7,5,28
2321,9.4,2.3,0.8,18,92,0,2,3,41
2322,8.3,2.2,4.2,90,97,3,6,10,9
2323,7.6,3.2,1.2,8,47,2,4,3,29
2324,5.9,8.0,2.6,36,61,5,5,10,78
2325,8.9,0.4,0.4,51,81,2,5,7,38
2326,9.7,4.6,5.0,56,46,5,4,8,62
2327,8.9,0.7,0.8,87,61,5,4,3,54
2328,4.0,1.2,5.4,27,85,2,4,3,52
2329,7.8,3.5,5.2,35,69,2,2,7,34
2330,4.3,4.1,2.8,63,76,3,1,10,37
2331,5.5,2.1,4.5,17,55,0,2,7,49
2332,4.4,2.5,3.7,88,54,2,7,9,42
2333,7.6,0.7,4.8,34,44,4,1,6,14
2334,8.1,2.4,2.6,67,42,0,6,7,82
2335,4.7,7.7,4.7,77,62,4,4,10,33
2336,6.3,7.6,2.8,38,100,3,2,1,98
2337,6.7,2.7,5.6,89,49,2,3,7,92
2338,6.2,4.6,2.9,7,44,0,7,2,100
2339,4.7,7.3,2.8,87,62,2,6,7,87
2340,6.5,0.0,4.7,79,54,5,6,3,17
2341,8.5,6.5,4.9,83,57,2,8,9,75
2342,4.4,7.6,3.3,14,64,0,8,5,32
2343,4.5,0.7,1.1,6,47,2,6,7,79
2344,6.1,1.3,2.8,16,70,2,1,8,68
2345,9.7,7.7,5.8,85,60,1,10,2,39
2346,8.0,4.3,4.5,85,41,1,7,1,94
2347,8.1,0.1,4.9,63,61,0,8,7,10
2348,6.2,2.1,0.2,11,47,0,5,6,87
2349,7.6,3.6,2.8,81,62,5,4,6,24
2350,4.1,5.5,3.9,55,71,5,7,2,100
2351,7.8,5.9,5.0,45,47,2,6,3,58
2352,9.5,8.0,0.3,46,43,4,6,4,69
2353,7.7,2.3,5.1,78,69,0,3,3,64
2354,9.2,4.3,3.3,15,58,2,10,2,19
2355,8.3,4.3,1.2,68,62,4,4,3,8
2356,4.7,3.2,1.9,1,57,1,5,6,71
2357,9.4,1.4,1.7,53,92,5,9,9,40
2358,4.4,7.8,3.2,26,68,0,8,4,13
2359,7.2,6.8,0.3,30,62,2,3,6,27
2360,4.9,4.0,1.0,40,72,1,6,1,82
2361,4.1,4.8,4.9,35,91,3,10,6,88
2362,6.5,1.8,0.8,46,86,1,1,3,2
2363,5.8,4.4,1.4,42,57,2,3,9,16
2364,6.9,5.6,2.7,64,93,5,10,4,14
2365,7.5,4.1,3.1,49,83,4,7,7,17
2366,4.3,7.9,4.6,0,72,3,7,4,60
2367,4.7,4.9,2.7,71,46,3,2,6,70
2368,7.4,3.0,4.7,56,90,5,3,7,99
2369,6.1,6.2,3.7,15,67,3,7,2,17
2370,8.4,1.4,0.7,27,40,0,6,10,45
2371,7.9,3.1,0.9,85,95,2,7,6,38
2372,9.1,2.8,2.6,81,78,3,10,8,64
2373,8.2,3.5,2.4,21,73,1,9,6,6
2374,6.6,6.3,4.5,40,78,4,8,2,60
2375,8.0,3.9,3.5,75,58,2,6,4,49
2376,5.7,6.4,2.3,18,70,5,4,1,21
2377,5.8,4.6,1.0,88,52,1,10,7,99
2378,8.7,2.7,1.4,49,96,0,9,8,23
2379,6.7,6.5,3.5,58,63,3,7,10,76
2380,8.8,1.9,2.5,68,44,1,5,2,57
2381,8.9,1.8,3.1,33,62,2,2,10,64
2382,9.1,4.0,1.0,38,58,1,9,5,29
2383,9.5,2.1,4.0,73,40,0,7,8,27
2384,6.6,0.1,5.1,6,72,4,9,8,6
2385,5.9,5.2,1.5,51,98,3,9,5,21
2386,7.5,4.1,2.9,59,89,2,10,8,71
2387,6.2,3.6,5.9,51,95,3,5,6,41
2388,7.6,7.7,2.0,78,72,3,7,5,80
2389,8.2,4.6,3.6,23,71,5,5,4,5
2390,8.1,6.9,0.5,25,98,3,3,5,15
2391,6.2,1.1,3.6,89,67,1,10,4,21
2392,5.0,4.6,0.5,89,76,1,8,1,58
2393,6.6,6.9,5.8,9,80,4,8,3,4
2394,4.9,4.7,4.3,16,51,0,9,8,69
2395,9.3,5.7,4.7,77,48,2,6,7,7
2396,6.1,3.0,4.2,1,89,1,2,7,35
2397,4.9,0.7,3.5,76,94,3,3,3,36
2398,4.2,3.7,2.7,26,50,0,10,9,15
2399,7.9,3.2,5.2,72,72,2,6,6,92
2400,7.8,6.9,5.7,70,58,2,1,8,2
2401,6.0,2.0,3.0,47,93,2,2,8,57
2402,4.4,7.7,5.6,73,96,2,8,3,5
2403,6.5,7.7,3.5,8,81,4,8,4,71
2404,5.9,2.0,3.2,85,73,2,6,6,86
2405,8.1,2.8,2.7,22,46,0,3,2,95
2406,7.6,7.2,1.3,70,70,1,2,7,32
2407,6.2,7.7,0.0,72,91,0,6,2,72
2408,5.3,3.5,1.4,26,41,3,1,5,41
2409,9.9,2.6,3.1,87,58,5,10,4,42
2410,6.7,4.2,2.3,80,77,4,6,9,75
2411,8.1,5.5,2.7,83,71,4,9,2,65
2412,4.8,2.2,5.9,70,49,3,7,7,40
2413,6.9,5.9,2.1,42,80,0,9,7,83
2414,4.2,0.4,2.7,6,47,0,2,7,38
2415,7.0,0.4,0.8,82,65,3,5,1,42
2416,9.8,3.1,0.3,62,69,5,9,8,37
2417,6.3,2.8,4.7,83,50,2,7,2,56
2418,4.2,2.5,3.4,43,80,2,9,5,71
2419,4.2,3.9,4.6,38,59,1,6,2,55
2420,6.3,2.6,0.9,39,99,0,7,5,89
2421,5.0,1.5,3.4,6,59,0,10,7,54
2422,4.1,2.5,1.5,69,48,3,5,6,22
2423,8.5,7.8,1.4,24,47,3,6,5,27
2424,6.8,3.3,0.1,58,99,2,1,4,47
2425,5.7,3.6,0.8,12,54,0,1,8,38
2426,9.4,4.6,1.9,85,73,0,2,8,39
2427,4.7,7.9,0.7,80,63,4,4,1,15
2428,9.7,1.9,5.9,85,72,1,9,10,66
2429,5.9,5.5,1.9,61,80,1,7,2,61
2430,9.3,5.7,0.8,7,80,2,6,3,60
2431,7.6,4.9,1.2,44,84,5,1,1,8
2432,9.0,0.7,3.5,17,79,0,5,3,44
2433,9.9,5.4,0.4,87,66,4,4,10,43
2434,5.7,0.5,5.2,59,60,0,5,8,6
2435,9.8,4.8,5.8,59,44,3,9,4,84
2436,6.3,5.9,1.5,1,100,2,3,7,27
2437,6.3,1.7,2.7,65,74,5,4,7,45
2438,6.0,6.7,0.1,90,60,1,8,5,23
2439,7.2,0.2,3.8,13,43,0,3,1,81
2440,4.9,6.8,2.5,47,88,5,3,10,13
2441,7.3,3.7,1.6,55,87,2,9,4,68
2442,7.3,1.7,1.2,11,55,1,5,7,84
2443,8.6,1.1,3.9,54,96,0,10,5,64
2444,9.0,7.6,2.5,27,70,4,1,2,25
2445,6.6,0.6,1.1,88,65,2,7,8,86
2446,5.8,1.6,4.1,3,91,0,7,2,52
2447,5.6,2.8,3.4,89,74,1,6,8,48
2448,5.2,5.0,5.2,35,45,1,6,2,61
2449,4.3,4.4,0.7,49,72,4,3,5,17
2450,6.1,1.0,4.7,2,60,2,3,4,40
2451,5.6,2.3,4.0,0,55,2,10,1,75
2452,9.8,1.9,0.7,16,86,5,9,8,89
2453,7.3,1.7,4.2,70,78,0,1,10,69
2454,6.1,3.3,2.6,61,73,5,7,3,85
2455,7.5,5.6,5.7,47,81,1,10,4,26
2456,4.8,1.7,0.8,61,96,1,7,4,80
2457,6.7,2.9,3.9,68,99,4,8,5,56
2458,7.8,3.1,2.3,18,54,4,6,3,40
2459,6.9,7.8,5.7,33,45,2,8,9,85
2460,6.4,7.6,2.0,48,41,5,1,4,96
2461,10.0,6.4,5.8,79,63,1,1,10,68
2462,9.3,1.9,5.4,46,95,0,9,4,8
2463,7.7,0.5,1.6,90,88,3,4,6,73
2464,7.4,2.5,4.8,49,67,0,3,8,45
2465,7.7,2.1,6.0,88,40,4,6,7,17
2466,5.2,4.0,1.5,25,40,0,10,4,41
2467,6.4,6.2,2.6,55,67,1,9,4,77
2468,4.2,6.9,3.1,77,75,5,10,5,9
2469,6.9,6.8,1.8,13,59,2,4,10,70
2470,7.3,2.9,0.1,77,87,5,9,5,91
2471,5.4,5.5,1.3,24,47,3,5,1,24
2472,9.8,2.5,1.7,3,40,2,7,8,73
2473,9.5,0.5,2.7,78,65,3,3,10,11
2474,8.3,5.6,1.0,31,90,3,3,5,35
2475,7.2,0.1,5.2,81,82,1,3,3,29
2476,9.2,3.3,4.2,77,88,1,8,3,8
2477,4.8,2.6,0.5,64,64,4,6,4,17
2478,8.7,5.5,3.9,60,49,4,9,7,71
2479,4.7,6.1,3.9,19,51,3,9,5,12
2480,8.8,2.4,5.7,73,80,5,8,1,79
2481,5.7,6.5,0.0,9,46,4,1,5,93
2482,9.3,2.4,1.5,87,100,1,6,5,50
2483,9.7,3.6,5.6,33,51,4,4,6,24
2484,4.9,5.8,5.6,60,86,3,4,7,37
2485,6.8,5.5,4.3,26,79,2,3,5,78
2486,9.9,7.9,4.6,39,56,5,9,2,11
2487,6.9,1.8,0.5,64,44,5,2,2,99
2488,9.2,5.3,3.1,32,53,0,1,4,81
2489,7.5,4.9,1.4,67,73,4,10,1,59
2490,6.3,7.3,1.1,70,87,5,3,7,55
2491,5.7,1.3,4.9,8,100,1,4,1,27
2492,5.2,6.0,0.8,15,56,2,4,3,67
2493,8.6,4.5,2.8,4,74,1,6,10,60
2494,6.3,2.2,5.6,22,94,4,1,7,2
2495,7.1,3.8,1.1,42,40,3,1,6,68
2496,7.0,2.7,5.9,88,98,0,2,7,18
2497,7.5,4.6,6.0,56,89,0,4,5,20
2498,9.2,7.1,3.3,50,89,2,7,8,85
2499,9.9,4.6,1.0,12,75,5,6,6,63
2500,6.4,5.1,1.9,23,54,5,9,4,78
2501,9.0,4.1,2.5,10,99,5,7,1,72
2502,8.6,0.4,1.9,51,58,0,5,2,2
2503,7.4,1.9,1.7,16,90,3,6,6,90
2504,9.7,3.9,5.8,36,81,5,10,4,83
2505,5.2,2.5,0.9,12,44,1,9,3,42
2506,4.7,1.5,4.4,61,58,5,1,7,28
2507,9.1,4.0,0.0,90,82,3,9,7,29
2508,6.6,2.6,3.6,83,78,2,6,2,69
2509,9.1,2.1,5.5,7,44,2,4,8,28
2510,9.4,3.7,1.7,55,91,0,5,1,60
2511,4.4,1.1,1.1,82,51,3,1,10,90
2512,9.3,7.4,3.9,69,58,1,7,7,5
2513,6.7,6.9,4.3,43,86,3,8,10,15
2514,7.1,5.7,4.1,59,51,1,5,1,73
2515,7.8,0.8,1.9,40,75,1,2,3,32
2516,9.6,6.2,1.5,20,51,3,8,3,52
2517,4.1,6.5,5.7,85,57,4,10,10,90
2518,6.9,6.1,5.5,41,88,3,7,2,37
2519,8.1,0.9,2.7,73,90,1,10,10,15
2520,8.3,5.2,5.1,73,87,5,9,5,41
2521,8.2,6.7,2.7,28,82,2,4,4,4
2522,4.8,4.6,2.5,79,73,2,9,6,53
2523,5.8,5.2,0.9,64,87,0,4,2,100
2524,6.2,3.7,2.6,16,72,2,3,4,84
2525,8.8,4.2,3.2,29,88,4,3,7,27
2526,5.7,0.3,0.1,25,57,1,10,1,21
2527,5.3,5.1,2.7,52,100,3,2,3,60
2528,9.7,0.7,4.7,18,100,3,10,1,86
2529,4.1,3.5,4.1,52,96,4,3,2,64
2530,10.0,2.3,3.8,84,68,2,8,9,71
2531,8.1,4.4,5.5,16,84,1,8,10,47
2532,9.0,1.1,0.1,45,44,2,2,5,54
2533,5.8,5.5,3.3,84,64,0,2,4,31
2534,4.1,6.4,4.7,52,63,2,2,4,17
2535,8.4,1.3,3.2,63,68,0,10,8,50
2536,9.0,0.8,1.9,44,98,3,7,3,7
2537,8.4,1.2,0.8,48,77,1,6,4,83
2538,4.9,7.0,5.3,18,72,5,1,2,28
2539,8.5,4.2,2.8,70,49,0,2,6,10
2540,8.6,3.7,5.3,80,76,2,1,9,27
2541,8.0,0.9,3.5,64,99,2,7,4,13
2542,8.6,5.2,4.0,36,72,3,6,6,66
2543,9.1,6.9,4.8,69,62,4,2,4,86
2544,7.7,6.6,4.0,25,97,5,2,2,84
2545,4.5,5.0,2.4,1,50,4,2,6,60
2546,6.9,0.6,3.1,58,63,2,8,7,43
2547,4.5,0.9,4.8,4,63,4,7,4,69
2548,6.4,0.4,2.2,36,46,5,1,7,63
2549,6.4,2.1,2.3,30,89,5,4,8,70
2550,4.4,1.1,0.6,75,60,1,4,3,99
2551,6.1,2.1,5.5,47,59,4,7,2,65
2552,4.7,3.1,0.5,5,92,1,2,5,99
2553,8.8,7.5,3.9,14,49,2,4,2,67
2554,9.7,4.9,2.5,14,64,2,1,10,54
2555,4.4,6.7,2.4,60,86,2,4,5,36
2556,9.7,5.7,4.1,15,75,3,1,10,71
2557,7.1,0.9,0.4,19,87,4,2,6,93
2558,5.8,5.9,3.6,76,86,0,2,8,15
2559,4.5,2.2,4.6,43,54,5,10,6,75
2560,7.0,5.1,5.0,41,83,0,3,4,18
2561,8.8,2.7,1.0,45,79,2,8,3,4
2562,8.2,8.0,5.4,33,79,4,6,2,88
2563,4.3,2.1,3.9,63,89,1,6,1,11
2564,4.4,2.2,5.3,28,45,0,9,2,6
2565,6.4,7.4,2.9,2,76,2,8,2,51
2566,5.8,0.2,3.3,8,41,0,2,5,58
2567,5.4,5.6,5.5,74,51,0,6,9,60
2568,5.7,5.8,5.4,74,97,5,1,1,18
2569,8.8,6.7,2.7,24,43,0,9,4,79
2570,9.6,7.8,1.6,85,62,2,4,10,67
2571,6.4,7.8,2.4,41,52,5,4,7,17
2572,9.4,0.5,2.3,45,56,2,9,10,97
2573,5.9,6.6,1.7,72,70,3,3,3,34
2574,6.9,5.2,1.6,83,55,3,5,8,30
2575,5.4,5.2,5.2,58,80,3,1,3,19
2576,7.8,1.0,0.4,20,65,0,6,8,9
2577,9.9,5.2,4.1,73,67,4,3,2,40
2578,7.6,7.9,1.0,21,40,2,1,5,44
2579,6.1,7.3,2.1,28,86,3,10,4,95
2580,7.9,3.5,0.4,62,51,4,6,9,59
2581,4.7,0.3,1.6,72,76,3,10,3,91
2582,9.3,2.9,4.6,60,94,3,2,5,25
2583,7.0,6.6,5.3,63,95,4,8,10,71
2584,6.7,5.6,1.3,68,89,3,2,9,53
2585,7.5,3.7,2.8,39,59,0,4,6,48
2586,7.7,0.4,2.8,74,41,0,3,2,71
2587,4.4,3.4,5.2,0,75,5,9,1,84
2588,8.1,3.8,4.6,64,54,0,2,1,53
2589,5.5,7.4,3.1,61,77,1,3,7,49
2590,8.3,5.1,4.0,53,61,5,7,2,43
2591,8.9,2.5,5.1,59,83,3,4,7,100
2592,8.8,4.2,0.1,45,100,1,6,1,19
2593,7.3,0.5,2.4,4,89,2,3,4,66
2594,7.1,7.8,5.4,21,71,4,1,10,34
2595,4.9,2.9,4.4,89,98,2,6,4,81
2596,8.7,3.8,3.3,52,59,1,4,5,88
2597,5.6,2.8,3.2,69,75,0,2,10,73
2598,7.0,5.5,2.1,31,72,3,7,1,54
2599,5.7,5.3,3.1,10,54,5,10,7,1
2600,4.8,5.7,3.9,9,89,3,5,2,92
2601,7.8,2.1,2.5,38,85,0,6,2,55
2602,4.3,2.5,4.3,30,42,3,6,8,15
2603,8.5,1.0,5.2,11,68,4,9,9,85
2604,5.9,5.2,0.9,79,86,4,2,6,15
2605,4.0,0.3,2.7,37,66,4,6,1,23
2606,7.1,4.8,2.4,66,44,2,9,1,66
2607,4.3,7.0,4.1,65,98,0,4,7,46
2608,5.7,7.1,1.5,51,95,4,6,8,100
2609,8.2,3.6,3.8,4,70,1,7,3,9
2610,4.4,3.7,5.3,10,61,4,1,9,66
2611,9.0,0.6,2.5,24,74,5,5,4,66
2612,4.0,5.4,5.5,34,93,2,4,4,18
2613,5.5,6.6,6.0,34,46,1,10,3,17
2614,8.4,2.0,0.6,21,45,0,2,8,72
2615,5.9,3.4,1.4,36,65,0,2,9,98
2616,4.6,6.7,5.7,85,93,5,2,1,34
2617,6.2,7.0,5.7,54,40,4,7,2,69
2618,5.6,1.9,0.6,74,58,1,4,1,64
2619,9.1,4.4,0.1,71,46,5,6,4,44
2620,5.9,1.5,1.0,63,75,1,7,10,29
2621,8.7,0.8,6.0,19,51,4,9,7,62
2622,9.4,7.3,1.1,3,59,4,2,7,92
2623,6.6,6.6,3.0,17,62,3,10,6,16
2624,9.5,6.1,5.1,50,64,3,9,5,78
2625,6.3,0.4,0.1,67,69,4,5,4,52
2626,9.8,6.7,3.6,19,98,2,6,8,2
2627,4.5,3.5,1.7,8,100,5,6,7,61
2628,8.1,2.7,5.2,79,68,3,3,10,4
2629,7.0,4.4,1.7,25,70,4,10,1,52
2630,6.3,0.7,4.1,24,57,1,7,6,41
2631,7.8,6.1,4.0,67,80,5,7,2,52
2632,8.2,4.7,1.3,40,58,3,8,4,31
2633,4.0,1.5,0.2,58,93,2,5,5,26
2634,5.0,1.5,2.5,44,43,5,2,8,27
2635,8.3,1.5,1.7,40,40,5,3,6,51
2636,8.0,0.5,4.9,37,80,0,9,2,98
2637,9.8,4.7,4.8,18,98,1,6,5,95
2638,8.6,6.7,2.7,13,54,2,8,5,48
2639,9.7,0.1,3.6,20,93,2,8,6,11
2640,8.2,0.4,3.6,14,47,2,5,1,8
2641,5.8,4.6,5.0,2,54,1,1,8,12
2642,4.6,6.6,2.6,36,54,2,6,3,99
2643,8.7,2.6,1.7,45,89,0,7,5,45
2644,7.9,2.8,1.6,15,78,3,9,7,34
2645,4.3,4.8,3.2,13,61,1,2,3,77
2646,6.2,2.2,2.7,8,57,2,2,10,91
2647,9.7,0.2,2.6,6,55,4,10,6,72
2648,7.0,5.9,0.5,13,41,3,1,5,47
2649,6.6,5.0,4.3,5,75,5,5,7,21
2650,6.7,4.6,1.3,84,59,1,2,10,41
2651,5.3,5.9,1.2,14,55,4,3,3,75
2652,6.2,5.4,2.5,51,42,5,2,2,22
2653,6.2,1.6,1.4,71,95,4,4,4,21
2654,4.3,2.8,3.5,33,69,2,3,3,28
2655,8.6,1.0,2.2,0,94,1,9,4,67
2656,6.5,1.0,2.7,68,41,2,10,7,71
2657,8.9,5.4,3.2,85,74,5,2,5,14
2658,9.1,6.9,1.2,19,65,0,7,4,79
2659,5.3,7.7,0.9,79,96,4,3,6,73
2660,7.9,5.0,5.3,6,100,0,10,7,52
2661,6.8,1.5,2.6,6,44,5,8,5,43
2662,9.3,0.8,2.5,49,41,2,4,7,71
2663,5.3,6.5,0.2,1,90,3,4,3,76
2664,8.1,4.6,3.0,46,95,4,9,7,19
2665,7.6,4.9,3.3,13,59,3,3,3,27
2666,5.8,6.3,3.4,30,73,1,7,6,18
2667,4.8,5.6,4.2,49,73,4,1,8,13
2668,7.9,6.7,1.1,60,93,0,7,6,1
2669,8.4,0.4,1.5,40,95,3,10,10,85
2670,5.9,6.0,4.9,13,94,5,2,3,34
2671,7.9,6.8,5.7,4,59,1,6,5,13
2672,6.4,2.3,0.8,74,89,4,9,9,51
2673,8.3,5.1,3.0,4,64,5,6,8,87
2674,5.2,2.5,1.3,63,59,1,3,6,1
2675,9.3,7.7,0.4,28,64,0,1,9,87
2676,5.7,0.3,2.0,74,92,5,4,2,28
2677,6.2,4.6,0.9,4,53,4,4,9,32
2678,4.3,1.3,4.3,35,99,1,8,10,72
2679,4.7,5.7,3.2,78,86,2,10,10,55
2680,7.1,1.4,0.9,18,83,4,10,6,26
2681,5.6,1.9,0.1,63,82,4,7,9,14
2682,9.0,4.0,4.8,21,82,4,10,4,88
2683,4.1,7.3,1.1,33,78,4,7,5,93
2684,6.3,1.7,3.6,55,51,2,7,2,68
2685,6.0,1.2,2.0,16,87,5,2,3,63
2686,4.1,6.1,3.5,75,44,5,9,1,82
2687,4.7,4.0,1.9,88,41,5,6,4,14
2688,6.5,7.3,0.5,55,93,0,2,2,27
2689,7.0,1.2,1.3,16,55,2,1,2,41
2690,6.4,5.2,1.1,73,94,2,1,1,3
2691,7.2,1.9,2.6,81,69,1,1,10,94
2692,7.6,1.3,3.9,17,86,3,4,2,59
2693,4.1,5.5,1.6,44,82,5,4,4,100
2694,6.8,4.7,0.1,77,100,3,9,6,23
2695,9.8,6.0,3.1,55,77,1,1,7,18
2696,7.1,2.5,3.6,79,84,2,3,7,74
2697,8.1,3.6,5.8,49,90,1,3,7,76
2698,5.9,3.2,3.5,57,81,4,8,4,41
2699,8.6,7.9,2.8,17,63,1,2,5,8
2700,8.6,2.3,3.4,79,90,1,6,3,32
2701,7.1,2.4,5.6,80,69,4,4,1,81
2702,9.9,2.8,5.0,6,76,3,10,8,41
2703,4.8,4.5,1.9,75,96,4,6,10,45
2704,4.1,2.0,1.4,9,98,0,5,7,78
2705,8.6,7.3,1.6,68,92,1,9,9,9
2706,8.8,2.1,3.0,84,78,1,9,10,90
2707,4.7,7.2,4.5,2,50,3,1,4,48
2708,5.6,0.8,3.0,82,53,2,3,5,24
2709,4.1,5.3,0.4,43,62,4,1,5,87
2710,5.8,7.3,4.3,69,92,2,6,7,95
2711,8.6,1.3,4.8,13,55,0,3,9,44
2712,7.1,7.7,1.7,3,89,4,1,8,58
2713,6.1,3.6,4.0,17,60,0,6,7,66
2714,6.2,7.6,2.6,51,94,0,5,1,18
2715,4.0,5.4,5.3,37,94,0,8,10,80
2716,5.8,2.4,5.1,79,43,5,2,6,29
2717,7.9,1.5,3.2,19,72,4,8,10,75
2718,9.8,2.4,4.1,87,93,4,5,9,2
2719,9.1,0.7,5.3,43,100,5,8,7,78
2720,4.1,1.2,3.0,50,86,3,10,1,68
2721,9.4,0.8,1.9,18,53,5,4,9,98
2722,8.7,3.4,4.5,67,58,1,4,3,39
2723,8.7,6.4,1.3,65,98,2,10,9,73
2724,6.7,1.1,2.3,12,44,2,4,4,41
2725,6.4,1.0,5.2,61,75,0,6,9,71
2726,5.8,5.1,4.3,60,70,4,4,8,81
2727,4.4,1.6,2.4,29,84,4,9,7,87
2728,5.4,0.8,1.3,29,57,0,9,4,75
2729,5.5,1.3,2.1,50,83,1,3,9,22
2730,6.9,7.4,1.7,87,70,2,7,4,82
2731,8.5,6.6,1.1,47,94,5,5,1,49
2732,6.8,2.8,4.5,32,69,3,9,6,28
2733,4.3,5.2,1.5,73,60,1,2,4,16
2734,9.7,4.3,2.7,81,86,4,3,10,68
2735,9.7,5.4,2.3,18,69,0,10,3,62
2736,8.7,5.5,5.9,70,94,2,5,5,36
2737,9.9,5.0,2.3,56,80,0,5,3,22
2738,7.3,2.1,0.5,18,43,4,10,9,11
2739,9.8,0.3,0.5,87,44,0,7,6,85
2740,4.5,3.6,3.5,78,80,5,8,3,80
2741,6.2,7.1,3.6,40,84,2,8,5,42
2742,5.4,4.6,2.5,41,49,0,1,8,55
2743,5.2,6.7,2.6,86,66,2,1,8,73
2744,4.8,7.9,0.3,51,55,0,3,6,35
2745,7.7,1.3,3.1,3,69,0,1,5,57
2746,8.7,5.5,3.0,3,52,2,1,5,34
2747,7.5,5.4,0.9,4,75,5,10,1,73
2748,4.9,7.8,0.6,40,60,0,8,2,77
2749,8.9,7.9,0.7,86,84,5,1,4,70
2750,7.8,5.5,0.6,60,92,1,9,6,4
2751,6.3,1.9,3.7,74,79,3,2,7,46
2752,8.0,6.4,1.2,54,84,1,9,1,92
2753,5.6,0.9,1.5,74,54,3,7,8,11
2754,6.1,6.2,1.0,12,59,1,9,1,98
2755,9.5,7.3,5.7,13,59,3,3,9,61
2756,5.7,3.1,5.1,59,84,0,1,4,35
2757,6.8,5.0,1.4,71,94,2,1,7,69
2758,9.3,3.4,2.0,24,98,2,10,6,57
2759,8.2,3.5,1.3,81,44,4,6,9,11
2760,4.4,2.5,3.0,43,93,3,7,2,12
2761,4.9,6.1,0.1,81,93,4,9,7,43
2762,4.0,7.5,4.0,9,99,5,6,5,19
2763,7.8,7.5,3.1,70,71,5,5,7,77
2764,6.7,1.4,5.4,49,45,4,2,1,68
2765,4.8,7.0,1.0,43,69,3,2,10,78
2766,9.7,5.9,4.8,13,65,2,8,9,59
2767,7.2,2.0,4.8,14,76,3,1,1,2
2768,5.5,0.5,0.8,15,52,5,8,5,8
2769,7.0,2.1,2.4,1,68,0,10,8,22
2770,8.1,7.3,1.0,29,44,4,7,1,77
2771,4.5,5.1,1.5,29,64,4,7,7,21
2772,5.6,5.8,1.6,81,52,5,5,2,85
2773,8.8,2.1,3.3,30,63,3,3,7,92
2774,6.8,5.8,2.5,76,70,4,7,7,97
2775,7.3,0.2,5.7,19,59,2,7,9,29
2776,6.6,3.0,0.8,48,94,4,7,6,86
2777,4.3,5.0,5.8,34,47,3,2,4,90
2778,5.0,1.2,1.4,22,99,5,3,7,75
2779,6.7,6.6,4.6,60,48,2,3,7,75
2780,5.3,1.9,2.0,83,60,2,4,4,98
2781,4.3,5.2,0.9,54,90,4,9,2,83
2782,9.1,3.2,5.1,66,100,3,10,9,37
2783,9.9,4.8,1.9,7,59,4,1,8,78
2784,8.8,0.9,4.0,39,54,0,7,5,29
2785,9.1,0.1,3.4,58,65,5,7,5,83
2786,5.5,7.3,2.8,31,93,0,4,1,37
2787,9.8,2.2,3.0,6,81,2,1,9,21
2788,5.2,6.6,4.4,1,50,4,3,10,88
2789,9.7,8.0,0.5,84,76,0,5,8,90
2790,10.0,1.7,4.0,5,80,1,2,5,12
2791,8.3,2.1,5.4,35,100,0,7,10,48
2792,9.9,5.3,0.3,31,50,4,10,6,83
2793,7.4,7.7,0.8,44,66,4,10,10,47
2794,5.6,7.3,4.3,41,69,5,7,10,94
2795,6.6,4.0,2.6,52,58,0,10,8,15
2796,7.6,6.4,2.4,8,73,4,5,6,67
2797,4.4,1.1,0.8,74,77,4,10,10,13
2798,7.7,7.8,3.0,86,100,5,6,4,59
2799,9.9,7.7,0.8,74,62,5,1,3,73
2800,5.1,1.3,2.9,48,92,5,4,7,13
2801,8.8,2.4,4.6,1,40,5,4,2,80
2802,9.4,0.8,1.5,66,42,1,8,7,78
2803,9.7,2.2,2.9,10,42,2,2,1,72
2804,9.8,6.5,6.0,49,67,4,1,10,19
2805,7.1,3.0,4.1,34,53,3,7,5,57
2806,9.9,0.7,5.0,14,91,5,6,9,32
2807,8.5,2.7,2.5,74,69,2,5,1,99
2808,5.0,7.9,4.6,30,97,5,8,8,87
2809,6.9,5.0,0.2,61,93,2,2,9,21
2810,8.3,3.3,0.7,27,44,3,2,9,82
2811,5.5,1.3,1.2,24,88,0,9,8,14
2812,7.8,7.9,2.4,83,54,1,1,4,80
2813,8.0,6.6,5.1,24,77,4,6,7,24
2814,5.0,2.3,2.1,74,53,0,3,1,49
2815,7.4,0.6,3.9,82,53,3,5,7,32
2816,8.6,0.5,4.3,0,96,1,8,6,75
2817,7.0,1.0,3.5,58,98,1,7,5,11
2818,4.1,4.6,2.1,68,88,1,4,1,60
2819,4.1,7.4,3.5,73,47,3,8,8,68
2820,6.1,4.0,2.1,41,47,5,10,10,61
2821,9.6,6.7,0.5,33,58,5,2,1,90
2822,5.4,3.6,6.0,65,71,5,7,1,5
2823,7.8,5.7,0.8,17,70,0,5,3,36
2824,5.3,5.9,0.4,76,68,4,6,8,97
2825,5.9,1.4,5.3,4,80,1,3,8,64
2826,9.1,2.9,1.8,19,50,1,10,7,78
2827,8.4,5.1,3.9,65,84,0,7,5,32
2828,4.6,0.6,2.0,74,52,5,7,8,71
2829,6.6,2.9,2.3,61,66,1,2,2,74
2830,4.2,4.3,1.6,31,95,1,1,8,66
2831,6.9,8.0,2.1,57,58,3,10,2,10
2832,8.0,3.8,2.5,49,65,2,2,10,99
2833,4.7,6.5,4.3,37,92,0,8,5,21
2834,5.7,3.5,3.1,54,90,0,10,4,40
2835,6.4,6.4,5.7,27,76,5,3,1,42
2836,9.5,4.8,0.3,73,87,0,4,5,72
2837,10.0,7.1,3.0,85,48,5,8,7,46
2838,4.3,3.3,3.5,80,67,3,3,1,82
2839,8.6,4.8,5.5,21,71,3,6,2,73
2840,6.2,5.0,0.3,42,91,4,2,9,41
2841,6.4,3.3,3.4,82,93,5,3,5,94
2842,8.5,1.2,5.1,80,42,3,1,7,4
2843,9.5,0.7,1.5,87,90,5,9,2,99
2844,9.7,0.1,5.3,35,71,0,4,7,14
2845,7.5,7.0,0.1,51,44,4,6,7,14
2846,6.1,1.9,4.4,35,47,2,7,7,53
2847,8.7,1.7,5.6,27,53,1,2,5,84
2848,5.5,5.9,3.9,77,95,1,8,9,29
2849,7.4,2.6,2.6,57,42,4,9,2,23
2850,6.2,4.0,0.3,35,63,5,10,4,85
2851,7.9,1.3,5.5,69,52,5,2,2,31
2852,5.4,7.7,2.8,8,82,5,5,8,96
2853,5.1,6.8,0.2,20,68,2,2,1,71
2854,9.5,6.9,4.1,63,47,1,5,9,77
2855,4.6,3.3,2.9,75,90,4,7,5,61
2856,7.0,6.1,0.7,60,81,5,6,3,23
2857,5.3,1.2,1.3,39,70,3,4,4,8
2858,4.2,0.1,0.4,55,100,0,2,1,76
2859,4.2,0.2,3.4,3,65,2,7,3,100
2860,5.1,4.7,3.7,30,57,5,10,8,16
2861,9.2,3.6,3.0,26,97,1,9,2,26
2862,5.7,4.1,4.9,57,57,0,1,2,29
2863,9.7,0.1,5.2,24,96,4,3,9,93
2864,7.5,3.4,3.7,68,46,5,7,5,6
2865,6.6,5.7,0.1,69,87,1,9,5,37
2866,7.5,3.5,4.2,4,77,0,5,1,33
2867,7.1,5.9,2.5,90,87,3,7,6,95
2868,8.6,1.9,3.4,7,55,2,10,8,46
2869,5.7,6.5,3.9,8,94,4,7,6,61
2870,6.1,4.7,2.1,14,95,1,4,7,41
2871,9.4,1.7,5.5,6,99,3,5,4,18
2872,9.7,1.9,0.8,71,72,2,2,2,95
2873,9.4,5.0,4.0,14,95,2,8,1,16
2874,6.5,6.6,0.0,36,90,3,1,6,51
2875,8.7,3.3,5.5,82,42,1,2,9,37
2876,6.9,2.1,0.7,38,77,2,3,10,14
2877,7.0,6.9,0.6,5,43,4,7,5,68
2878,5.2,5.4,2.0,82,75,0,6,2,30
2879,7.5,3.6,2.2,56,43,4,7,1,60
2880,5.1,3.9,1.3,80,81,5,5,3,53
2881,6.0,1.6,3.5,18,48,2,4,4,97
2882,9.1,5.0,2.7,62,79,0,7,7,36
2883,5.2,2.9,0.2,30,90,3,3,9,30
2884,4.4,8.0,1.9,74,56,0,10,8,64
2885,4.4,3.8,4.9,78,56,0,7,9,14
2886,9.6,3.9,4.1,9,72,0,2,7,23
2887,7.0,4.5,4.3,86,59,2,8,10,48
2888,6.5,7.3,4.2,66,53,5,6,8,28
2889,8.9,6.4,1.9,61,61,5,3,8,7
2890,9.0,3.6,0.6,2,91,1,3,1,42
2891,6.0,5.7,1.6,17,66,5,5,9,10
2892,8.2,4.7,5.0,24,82,2,3,2,68
2893,8.6,3.9,5.9,19,42,1,6,7,44
2894,7.9,1.5,3.0,57,63,3,2,10,13
2895,4.9,3.7,0.1,85,69,3,8,10,85
2896,9.3,2.0,0.8,49,47,3,9,5,33
2897,7.2,7.3,1.9,78,61,3,7,4,92
2898,5.7,2.7,3.5,9,64,3,3,1,87
2899,6.6,7.6,0.5,20,99,4,10,1,32
2900,4.2,4.3,5.7,28,49,2,4,3,48
2901,4.8,5.1,2.2,9,88,1,10,1,5
2902,8.6,4.3,5.5,12,68,3,2,8,61
2903,4.0,1.0,4.7,46,79,4,9,3,90
2904,6.5,3.0,4.5,22,93,5,5,10,90
2905,7.1,0.8,3.6,49,40,4,2,2,3
2906,4.3,5.0,3.8,86,91,4,10,6,24
2907,9.8,3.6,3.8,3,60,2,6,4,98
2908,5.4,6.2,3.8,66,78,3,7,4,34
2909,5.8,1.8,3.3,84,63,4,2,2,84
2910,5.8,1.3,5.9,52,48,4,1,2,94
2911,5.4,3.3,4.4,1,99,3,7,6,42
2912,4.0,7.4,4.7,67,83,2,1,5,20
2913,8.4,5.7,5.2,64,93,4,3,9,41
2914,9.8,3.4,1.3,78,65,1,4,4,82
2915,5.3,4.1,0.5,56,48,0,2,5,20
2916,8.0,0.7,2.9,69,59,5,7,1,6
2917,8.5,7.9,3.1,6,95,0,5,2,57
2918,9.1,5.3,5.0,18,74,0,1,3,42
2919,6.5,2.3,2.7,43,75,2,8,5,25
2920,5.8,4.7,3.4,62,81,4,10,5,41
2921,6.0,0.9,3.2,64,75,0,7,4,41
2922,8.3,7.7,0.2,38,93,0,4,10,3
2923,8.9,1.4,3.7,82,48,5,2,3,43
2924,5.1,5.2,5.0,25,61,3,7,9,46
2925,6.2,2.0,0.9,43,40,4,2,1,57
2926,9.4,5.7,3.6,11,44,4,6,6,83
2927,8.8,6.2,3.6,21,48,5,1,7,74
2928,9.9,5.4,1.0,76,76,3,7,10,51
2929,8.5,4.9,0.7,13,77,4,7,4,5
2930,6.4,7.1,5.9,85,58,1,4,10,86
2931,7.5,0.6,2.4,29,47,5,4,3,73
2932,8.0,2.6,1.4,43,81,2,10,8,97
2933,4.5,2.0,1.0,83,82,3,5,9,15
2934,7.3,7.9,4.0,90,71,5,2,1,88
2935,8.3,3.1,3.7,37,52,0,9,10,94
2936,5.0,5.9,3.9,58,59,4,10,9,100
2937,8.7,5.5,0.5,41,75,1,4,7,39
2938,7.5,1.7,5.4,51,82,1,9,1,70
2939,9.7,1.9,2.3,62,83,2,3,7,79
2940,4.3,2.3,1.9,60,76,5,9,5,38
2941,5.6,3.3,2.8,33,69,1,1,10,39
2942,7.6,1.9,2.3,38,49,5,7,7,52
2943,5.8,0.2,5.2,40,70,4,4,9,86
2944,8.3,7.0,5.6,36,64,4,7,8,3
2945,8.6,7.7,1.8,64,68,1,10,6,29
2946,4.6,2.7,5.2,78,63,4,6,2,93
2947,7.1,2.7,4.7,31,78,5,4,8,31
2948,7.1,0.1,5.6,7,60,4,4,4,66
2949,6.2,5.4,1.5,17,80,0,8,8,99
2950,9.6,6.6,3.5,44,48,5,7,7,45
2951,9.0,1.2,1.6,32,81,3,4,4,73
2952,8.2,1.3,4.9,4,81,4,6,8,22
2953,8.3,6.3,0.0,81,41,4,6,2,83
2954,6.8,4.9,3.4,73,43,5,1,9,10
2955,9.5,0.4,2.0,35,47,2,2,6,21
2956,8.2,5.0,1.9,22,71,3,4,7,17
2957,8.4,2.5,3.9,39,100,3,6,10,67
2958,9.2,2.9,5.1,4,53,3,6,1,7
2959,5.6,6.2,3.7,33,88,1,1,3,36
2960,8.8,6.5,5.1,23,52,0,8,10,67
2961,5.2,3.2,1.6,16,60,0,2,5,77
2962,6.1,7.6,3.1,70,63,2,5,7,30
2963,6.0,3.3,2.7,80,89,3,4,1,87
2964,9.9,6.2,0.1,21,57,3,5,9,71
2965,9.1,3.9,3.3,14,84,4,5,5,94
2966,8.2,7.2,4.0,14,79,5,10,3,29
2967,8.4,7.3,3.6,24,65,1,8,7,72
2968,7.4,0.7,4.4,52,71,1,10,10,74
2969,9.7,7.5,3.4,20,83,2,7,8,33
2970,7.0,6.6,0.4,65,96,0,9,10,59
2971,6.3,6.3,0.7,90,94,3,1,10,20
2972,5.0,1.6,3.6,31,95,5,6,3,93
2973,8.7,6.4,1.6,20,92,2,6,7,29
2974,8.4,6.8,0.5,67,72,1,2,7,53
2975,6.3,2.3,2.6,43,91,1,8,4,85
2976,4.2,7.6,3.3,82,70,1,6,10,1
2977,9.0,0.4,2.0,65,57,3,10,9,34
2978,4.1,1.2,4.3,89,74,3,9,1,44
2979,8.2,4.3,3.9,13,51,3,10,1,96
2980,9.8,4.6,2.0,14,90,4,5,5,14
2981,6.6,5.2,4.5,19,64,0,7,3,37
2982,5.4,0.1,3.9,33,84,1,6,10,35
2983,8.2,7.7,3.8,35,70,1,5,9,59
2984,8.9,0.4,3.3,82,49,4,6,5,24
2985,7.3,1.1,0.1,8,86,1,4,7,65
2986,9.8,0.1,4.2,70,91,1,3,1,6
2987,4.3,4.5,2.3,29,73,3,1,2,68
2988,7.0,7.5,5.7,76,90,3,1,4,38
2989,8.3,5.3,4.9,90,42,0,6,9,1
2990,9.2,6.6,3.5,62,85,1,9,5,41
2991,5.1,0.1,1.5,34,78,2,8,5,31
2992,8.8,4.3,1.2,12,47,1,2,9,36
2993,7.3,3.7,2.0,78,100,1,9,8,73
2994,6.4,4.0,2.9,45,71,0,8,2,54
2995,4.8,0.6,1.8,55,82,2,9,7,87
2996,9.2,5.5,3.1,8,68,1,4,1,31
2997,4.9,4.0,1.0,86,61,5,9,10,29
2998,5.9,6.1,5.9,35,59,5,2,9,85
2999,5.7,3.9,0.6,2,45,2,1,3,3
3000,9.2,1.2,5.6,18,100,5,9,2,58
